instance,run,iteration,best_global,iter_best,iter_mean,iter_worst,time_cum
easy,1,1,11748,10994,10300.714285714286,9187,0.06667160000051808
easy,1,2,11748,11207,10060.190476190477,7876,0.1840607000003729
easy,1,3,11748,11391,9919,8559,0.2569930999998178
easy,1,4,11748,11022,9756.57142857143,8525,0.3381991000005655
easy,1,5,11748,10920,9698.666666666666,8088,0.4119464000004882
easy,1,6,11748,10959,9648.047619047618,8306,0.5197236000003613
easy,1,7,11748,11138,9647.42857142857,7652,0.5840582999999242
easy,1,8,11748,10841,9490.714285714286,8136,0.6818271000001914
easy,1,9,11748,11299,9639.380952380952,8159,0.8313685000002806
easy,1,10,11748,10894,9641.42857142857,8430,0.9176643000000695
easy,1,11,11748,11327,9624.047619047618,7381,1.002072400000543
easy,1,12,11748,10885,9744.52380952381,8509,1.0897124000002805
easy,1,13,11748,11038,9475.666666666666,7867,1.1809923999999228
easy,1,14,11748,10972,9456.285714285714,8188,1.2681971000001795
easy,1,15,11748,10610,9489.666666666666,8543,1.356772500000261
easy,1,16,11748,10625,9511.285714285714,8299,1.4255825000000186
easy,1,17,11748,11258,9733.52380952381,8410,1.4916373000005478
easy,1,18,11748,11285,9629.47619047619,8035,1.5566244000001461
easy,1,19,11748,11097,9637.42857142857,7804,1.6322170000003098
easy,1,20,11748,11336,9516.380952380952,8049,1.7348689000000377
easy,1,21,11748,11004,9378.285714285714,8435,1.835436500000469
easy,1,22,11748,10973,9196.42857142857,6894,1.9249868000006245
easy,1,23,11748,10997,9736.42857142857,8354,1.9934715999997934
easy,1,24,11748,10729,9782.714285714286,8583,2.0819279000006645
easy,1,25,11748,10865,9442.666666666666,8294,2.163505000000441
easy,1,26,11748,10973,9485.857142857143,6595,2.27198320000025
easy,1,27,11748,11052,9662.047619047618,7519,2.3361402999998973
easy,1,28,11748,10811,9422,8429,2.4458494999998948
easy,1,29,11748,11579,9628.619047619048,8352,2.524526700000024
easy,1,30,11748,11116,9498.142857142857,8037,2.6024512000003597
easy,2,1,11349,11291,10535.761904761905,9635,0.06787429999985761
easy,2,2,11381,11381,10053.095238095239,7794,0.13856639999994513
easy,2,3,11427,11427,9836.285714285714,8177,0.20407409999916126
easy,2,4,11509,11509,9795.380952380952,8826,0.3089310999994268
easy,2,5,11509,10900,9713.904761904761,8680,0.3738655999995899
easy,2,6,11509,11322,9731.333333333334,8293,0.4403993999994782
easy,2,7,11509,10958,9451.714285714286,8179,0.5540248999996038
easy,2,8,11509,11077,9375.809523809523,8395,0.6212552999995751
easy,2,9,11644,11644,9572.857142857143,7581,0.686965699999746
easy,2,10,11644,11154,9720.809523809523,8753,0.7606250999997428
easy,2,11,11644,10858,9421.285714285714,8180,0.8430184999997437
easy,2,12,11644,11020,9857.904761904761,8329,0.9607835999995586
easy,2,13,11644,11014,9397.047619047618,7283,1.0244427999996333
easy,2,14,11644,10769,9140.238095238095,7436,1.1105539999998655
easy,2,15,11644,11013,9494.666666666666,7960,1.172700199999781
easy,2,16,11644,10979,9374,7823,1.2783753999992769
easy,2,17,11644,11023,9673.333333333334,8336,1.3430613000000449
easy,2,18,11644,11365,9512.52380952381,8341,1.4067243999998027
easy,2,19,11644,11255,9394.52380952381,7819,1.5097539999997025
easy,2,20,11644,10853,9503.047619047618,7602,1.5987316999999166
easy,2,21,11644,10929,9752.333333333334,8859,1.6631595999997444
easy,2,22,11644,10550,9303.333333333334,7792,1.7457862999999634
easy,2,23,11644,11236,9584.52380952381,8349,1.81082779999997
easy,2,24,11644,10873,9462.666666666666,7562,1.8748502999997072
easy,2,25,11644,10823,9349.285714285714,7809,1.9523325999998633
easy,2,26,11644,11281,9600.809523809523,8265,2.047839699999713
easy,2,27,11644,11073,9540.333333333334,8342,2.1612259999992602
easy,2,28,11644,11003,9675.047619047618,8206,2.225331799999367
easy,2,29,11644,10746,9361,7721,2.3055404999995517
easy,2,30,11644,11061,9574.333333333334,7823,2.415854999999283
easy,2,31,11644,11049,9574.666666666666,7788,2.4987482999995336
easy,2,32,11644,10921,9310.809523809523,7498,2.6001548999993247
easy,2,33,11644,11540,9526.285714285714,7747,2.665302499999598
easy,2,34,11644,11052,9571.761904761905,8403,2.746900799999821
easy,2,35,11644,10477,9428.190476190477,7833,2.8110286999999516
easy,2,36,11644,11074,9607.57142857143,6519,2.8941986999998335
easy,2,37,11644,10500,9592.333333333334,8459,2.958404099999825
easy,2,38,11771,11771,9755.904761904761,8586,3.0551736999996137
easy,2,39,11771,11128,9444.190476190477,8112,3.1362497000000076
easy,2,40,11771,10604,9414.619047619048,7264,3.1987872999998217
easy,2,41,11771,10905,9289.333333333334,7882,3.275076899999476
easy,2,42,11771,11122,9429.666666666666,7821,3.3539563999993334
easy,2,43,11771,10976,9560.857142857143,7813,3.4869397999991634
easy,2,44,11771,11153,9648.57142857143,8407,3.551210299999184
easy,2,45,11771,11185,9721.666666666666,8488,3.6189529999992374
easy,2,46,11771,10903,9698.095238095239,8256,3.700420299999678
easy,2,47,11771,10054,8892.809523809523,7005,3.761135399999148
easy,2,48,11771,10902,9545.57142857143,7845,3.841301499999645
easy,2,49,11771,10953,9744.238095238095,8780,3.937680199999704
easy,2,50,11771,10978,9585.857142857143,7315,4.035809799999697
easy,2,51,11771,10364,9316.57142857143,8220,4.106246299999839
easy,2,52,11771,11413,9736.380952380952,8533,4.207636099999945
easy,2,53,11771,11346,9585.714285714286,8210,4.299532699999872
easy,2,54,11771,10626,9145.285714285714,7786,4.3604802999998356
easy,2,55,11771,10776,9476.380952380952,7090,4.443365299999641
easy,2,56,11771,11413,9579.952380952382,8579,4.604356999999254
easy,2,57,11771,10871,9552.190476190477,8025,4.680132299999968
easy,2,58,11771,10977,9497.666666666666,8271,4.743462399999771
easy,2,59,11771,10813,9337.142857142857,7644,4.814944699999614
easy,2,60,11771,10976,9645.380952380952,7831,4.880729799999244
easy,2,61,11771,11293,9400.095238095239,7894,4.970894499999304
easy,2,62,11771,10728,9426.333333333334,7932,5.058629799999835
easy,2,63,11771,10634,9536.809523809523,8025,5.121621799999957
easy,2,64,11771,11236,9767.42857142857,8561,5.210139099999651
easy,2,65,11771,10661,9310.095238095239,7343,5.2932656999992105
easy,2,66,11771,11073,9335,8379,5.357082499999706
easy,2,67,11771,10557,9446.666666666666,7767,5.449644099999205
easy,3,1,11546,11352,10343.761904761905,9378,0.06754340000043157
easy,3,2,11546,11160,9720.190476190477,7198,0.16269999999985885
easy,3,3,11546,11405,9970.857142857143,8947,0.2515934000002744
easy,3,4,11546,11496,9696.095238095239,7854,0.3611172999999326
easy,3,5,11546,11171,9839.809523809523,7883,0.43712630000027275
easy,3,6,11546,11210,9631.47619047619,7517,0.5016738000003897
easy,3,7,11546,11314,9480.52380952381,7336,0.6256807999998273
easy,3,8,11546,10593,9422.57142857143,8297,0.6958652000002985
easy,3,9,11546,11066,9428.857142857143,7136,0.8046210000002247
easy,3,10,11546,11051,9498.47619047619,7546,0.8761178000004293
easy,3,11,11771,11771,9746.52380952381,7423,1.0026506000003792
easy,3,12,11771,11364,9815.809523809523,8129,1.0836417999998957
easy,3,13,11771,11111,9494.380952380952,8067,1.1484196000001248
easy,3,14,11771,10471,9455.857142857143,7717,1.2110051999998177
easy,3,15,11771,11193,9673.333333333334,8369,1.28293930000018
easy,3,16,11771,10753,9596.761904761905,8205,1.3464673999997103
easy,3,17,11771,10947,9490.952380952382,7990,1.4343502000001536
easy,3,18,11771,11257,9733.714285714286,7918,1.498657500000263
easy,3,19,11771,10919,9415.285714285714,7868,1.5622307000003275
easy,3,20,11771,11133,9240.809523809523,7459,1.66911059999984
easy,3,21,11771,11383,9499.047619047618,7413,1.7791046000002098
easy,3,22,11771,10517,9287.333333333334,8013,1.847438400000101
easy,3,23,11771,10872,9383.619047619048,8200,1.9485703999998805
easy,3,24,11771,11353,9783.095238095239,8525,2.0235466000003726
easy,3,25,11771,10816,9778.904761904761,8719,2.0869801999997435
easy,3,26,11771,11305,9645.666666666666,8676,2.1711968999998135
easy,3,27,11771,11117,9563.095238095239,7437,2.249833099999705
easy,3,28,11771,10798,9136.809523809523,7661,2.333900800000265
easy,3,29,11771,10981,9657.666666666666,8341,2.4108722000000853
easy,3,30,11771,10848,9377.380952380952,7217,2.481140300000334
easy,3,31,11771,10548,9220.333333333334,8064,2.55951929999992
easy,3,32,11771,10779,9603.47619047619,8328,2.664353099999971
easy,3,33,11771,10783,9332.47619047619,7984,2.7635558000001765
easy,3,34,11771,11288,9432.809523809523,7638,2.8521325000001525
easy,3,35,11771,10970,9548.52380952381,8154,2.956870799999706
easy,3,36,11771,10971,9435.47619047619,7947,3.0200427999998283
easy,3,37,11771,10949,9605,8323,3.0842752999997174
easy,3,38,11771,10937,9498.190476190477,7913,3.197928200000206
easy,3,39,11771,10604,9255.238095238095,8001,3.2783445000004576
easy,3,40,11771,10971,9563,8556,3.3905055000004722
easy,4,1,11048,10971,10365.42857142857,9019,0.06715970000004745
easy,4,2,11115,11115,10031.142857142857,8982,0.13984489999984362
easy,4,3,11344,11344,10124.42857142857,8356,0.2106258000003436
easy,4,4,11344,11135,9746.333333333334,8710,0.28250459999981103
easy,4,5,11344,10760,9490.380952380952,7817,0.3692012999999861
easy,4,6,11344,10905,9781.285714285714,7330,0.4334902999999031
easy,4,7,11344,10805,9739.857142857143,8524,0.49718060000031983
easy,4,8,11344,10728,9652.333333333334,8434,0.5611639999997351
easy,4,9,11344,11215,9875,8532,0.6273557000004075
easy,4,10,11344,10833,9779.52380952381,7795,0.6917935999999827
easy,4,11,11344,11183,9640.238095238095,8025,0.7697332999996434
easy,4,12,11344,10668,9460.714285714286,7838,0.8372926000001826
easy,4,13,11344,10978,9609.095238095239,8762,0.9489083999997092
easy,4,14,11344,10922,9681.095238095239,8251,1.068244500000219
easy,4,15,11344,11128,9571.619047619048,8331,1.1346097000005102
easy,4,16,11344,11178,9673.190476190477,7910,1.2218590000002223
easy,4,17,11390,11390,9390.809523809523,8302,1.306729599999926
easy,4,18,11390,10696,9589.380952380952,7732,1.3714747000003626
easy,4,19,11390,11044,9503.190476190477,6982,1.4589174000002458
easy,4,20,11390,10720,9438.666666666666,8387,1.5563763000000108
easy,4,21,11390,11074,9235.047619047618,7700,1.6239435999996203
easy,4,22,11390,11374,9661.333333333334,8039,1.7185691000004226
easy,4,23,11390,10426,9262.142857142857,8219,1.782359599999836
easy,4,24,11390,10695,9496.809523809523,7599,1.8454073000002609
easy,4,25,11390,10787,9396.52380952381,7335,1.9301062000004094
easy,4,26,11390,10168,9308.238095238095,8180,1.9918776000004073
easy,4,27,11390,11047,9466.952380952382,8199,2.0758427999999185
easy,4,28,11390,11035,9408.857142857143,7967,2.1663139000002047
easy,4,29,11390,11362,9544.333333333334,7874,2.25054530000034
easy,4,30,11390,10454,9420.809523809523,7965,2.335828600000241
easy,4,31,11390,11194,9571.57142857143,7931,2.4388558999999077
easy,4,32,11390,11110,9447.714285714286,7827,2.5583341000001383
easy,4,33,11390,10807,9394.47619047619,7915,2.6424942000003284
easy,4,34,11390,10316,9413.857142857143,8387,2.7047609000001103
easy,4,35,11487,11487,9963.904761904761,8661,2.7711549000005107
easy,4,36,11487,10561,9367.761904761905,7836,2.864915699999983
easy,4,37,11487,11043,9504.095238095239,7955,2.945925900000475
easy,4,38,11487,10774,9127.666666666666,7305,3.0075747000000774
easy,4,39,11487,11231,9753.761904761905,8695,3.074485199999799
easy,4,40,11487,10519,9007.857142857143,7654,3.136467899999843
easy,4,41,11487,10666,9222.190476190477,7859,3.221027100000356
easy,4,42,11487,10683,9086.809523809523,7640,3.307360800000424
easy,4,43,11487,11041,9812.714285714286,8880,3.3739088000002084
easy,4,44,11487,10535,9313.238095238095,7835,3.4364120999998704
easy,4,45,11487,10880,9377.952380952382,7852,3.5374510999999984
easy,4,46,11487,10746,9148.047619047618,7785,3.6500796000000264
easy,4,47,11487,10797,9641.857142857143,8456,3.730848299999707
easy,4,48,11487,10804,9471.57142857143,8152,3.816214200000104
easy,4,49,11487,10762,9589,7705,3.9691837999998825
easy,4,50,11487,10927,9710.238095238095,8354,4.070934800000032
easy,4,51,11487,11043,9308.904761904761,8201,4.191903400000228
easy,4,52,11487,11166,9483.285714285714,8029,4.2562528999997085
easy,4,53,11487,10983,9488,7991,4.322296999999708
easy,4,54,11487,11205,9477.809523809523,8227,4.401650699999664
easy,4,55,11487,11322,9527.52380952381,8228,4.465862600000037
easy,4,56,11487,10937,9452.952380952382,7443,4.563405500000044
easy,4,57,11487,10381,9224.380952380952,7233,4.642281800000092
easy,4,58,11487,10944,9260.952380952382,7311,4.709442299999864
easy,4,59,11487,11002,9443.142857142857,8093,4.772861800000101
easy,4,60,11487,11160,9231.380952380952,7906,4.845368700000108
easy,4,61,11487,11418,9493.142857142857,7660,4.945822700000463
easy,4,62,11487,10818,9286.047619047618,6696,5.008844300000419
easy,4,63,11487,10741,9141.619047619048,7681,5.092842400000336
easy,4,64,11487,11038,9447.380952380952,7779,5.198354899999686
easy,5,1,11391,11167,10327.809523809523,9575,0.06858760000068287
easy,5,2,11391,11159,9492.47619047619,7964,0.1643677000001844
easy,5,3,11391,10913,9811.42857142857,7558,0.2280522999999448
easy,5,4,11391,10833,9905.714285714286,7661,0.29364239999995334
easy,5,5,11391,11190,9675.857142857143,7934,0.391827800000101
easy,5,6,11391,10904,9358.857142857143,8103,0.5154898000000685
easy,5,7,11391,10815,9555.380952380952,8044,0.584096700000373
easy,5,8,11391,11037,9547.142857142857,7863,0.6477785000006406
easy,5,9,11391,10651,9733.095238095239,8342,0.7160351000002265
easy,5,10,11391,11091,9370.333333333334,7951,0.7863020000004326
easy,5,11,11391,10762,9747.714285714286,8672,0.8587426000003688
easy,5,12,11391,11358,9665.333333333334,8470,0.9547959000001356
easy,5,13,11391,10666,9482.095238095239,8363,1.0577339000001302
easy,5,14,11391,10705,9473.714285714286,7897,1.1733215000003838
easy,5,15,11391,11155,9340.285714285714,7545,1.2682494000000588
easy,5,16,11391,10947,9556.904761904761,8462,1.333227000000079
easy,5,17,11391,10972,9399.333333333334,8098,1.4225513000001229
easy,5,18,11391,10854,9649.380952380952,8572,1.4975950000007288
easy,5,19,11391,10937,9915.238095238095,8990,1.562337800000023
easy,5,20,11391,10660,9503.952380952382,7776,1.6535540000004403
easy,5,21,11391,11137,9753,7847,1.7237247000002753
easy,5,22,11391,10842,9772.904761904761,8757,1.7862468000002991
easy,5,23,11391,10519,9531.857142857143,8485,1.850580400000581
easy,5,24,11391,10959,9432.047619047618,7869,1.922449300000153
easy,5,25,11391,11272,9472.238095238095,7286,2.040728599999966
easy,5,26,11391,11288,9556.619047619048,8130,2.1164944000001924
easy,5,27,11391,10518,9514,8058,2.1997931000005337
easy,5,28,11682,11682,9453.47619047619,8102,2.2785602000003564
easy,5,29,11682,11389,9423.285714285714,8223,2.364669900000081
easy,5,30,11682,10948,9310.42857142857,8226,2.484460000000581
easy,5,31,11682,10629,9468.904761904761,8211,2.57289690000016
easy,5,32,11682,11165,9479.42857142857,7930,2.669068100000004
easy,5,33,11682,10939,9592.809523809523,8204,2.737284200000431
easy,5,34,11682,10491,9398.761904761905,8235,2.8005025000002206
easy,5,35,11682,10935,9486.42857142857,7612,2.910563300000831
easy,5,36,11682,10861,9552.238095238095,8285,2.9737554000003
easy,5,37,11682,11127,9386.666666666666,7858,3.0589400000008027
easy,5,38,11682,10956,9439.238095238095,7877,3.1226243999999497
easy,5,39,11682,10646,9490.142857142857,8191,3.2620802000001277
easy,5,40,11682,11001,9225.809523809523,7045,3.3806884000005084
easy,5,41,11682,10962,9430.904761904761,7410,3.451433000000179
easy,5,42,11682,11021,9232.619047619048,7402,3.552178000000822
easy,5,43,11682,10844,9391.47619047619,7963,3.6357247000005373
easy,5,44,11682,10408,9351.190476190477,8705,3.7256814000002123
easy,5,45,11682,11576,9388.095238095239,7980,3.814646900000298
easy,5,46,11682,11188,9600.380952380952,7241,3.9030435000004218
easy,5,47,11682,11236,9611.57142857143,7375,4.0009172000000035
easy,5,48,11682,10724,9555.761904761905,8487,4.064715299999989
easy,5,49,11682,10995,9112.380952380952,6461,4.136387400000785
easy,5,50,11682,10904,9555.857142857143,8602,4.2438521000003675
easy,5,51,11682,10635,9539.904761904761,7953,4.317757700000584
easy,5,52,11682,11448,9568.333333333334,7792,4.465375600000698
easy,5,53,11682,11012,9233.333333333334,7349,4.56859760000043
easy,5,54,11682,11448,9345.57142857143,7855,4.701889900000424
easy,5,55,11682,10489,9450.238095238095,8309,4.802390600000763
easy,5,56,11682,11448,9426.57142857143,7574,4.951369300000806
easy,5,57,11682,10427,9318.333333333334,7307,5.012328800000432
easy,6,1,11258,11135,10473.904761904761,9534,0.07527240000035818
easy,6,2,11258,10605,9737.52380952381,8739,0.14054329999999027
easy,6,3,11258,11162,9778.142857142857,8079,0.21564420000049722
easy,6,4,11258,10736,9455.714285714286,8511,0.32472210000014456
easy,6,5,11310,11310,9593.380952380952,8331,0.42340990000047896
easy,6,6,11310,11160,9449.666666666666,7914,0.5195165000004636
easy,6,7,11310,10765,9249.619047619048,7792,0.6136427000001277
easy,6,8,11310,10528,9490.190476190477,7851,0.6898685000005571
easy,6,9,11310,11129,9635.761904761905,8334,0.806029700000181
easy,6,10,11370,11370,9596.619047619048,8313,0.9287633000003552
easy,6,11,11370,11260,9537,8012,1.0567972999997437
easy,6,12,11423,11423,9643.142857142857,8170,1.1818576000005123
easy,6,13,11423,11216,9618.52380952381,7803,1.2818023999998331
easy,6,14,11423,11072,9579,7973,1.3571919000005437
easy,6,15,11423,10900,9655.857142857143,8328,1.45298879999973
easy,6,16,11423,11350,9565.380952380952,8063,1.5843900999998368
easy,6,17,11423,10599,9532.238095238095,8311,1.649026099999901
easy,6,18,11423,11164,9264.57142857143,7019,1.747303699999975
easy,6,19,11423,11061,9503.952380952382,7629,1.8147816000000603
easy,6,20,11423,10945,9394.190476190477,7795,1.8906106000004002
easy,6,21,11423,10778,9536,7778,1.95596949999981
easy,6,22,11423,11002,9516.333333333334,8024,2.0263479000004736
easy,6,23,11423,10736,9553.57142857143,7748,2.1324603000002753
easy,6,24,11423,10795,9447.142857142857,7712,2.228914700000132
easy,6,25,11423,10536,9431.095238095239,8218,2.308790500000214
easy,6,26,11423,10957,9579.333333333334,8667,2.3748899000001984
easy,6,27,11423,10870,9345.52380952381,8087,2.4491846999999325
easy,6,28,11423,11187,9228.333333333334,7884,2.5299904000003153
easy,6,29,11423,10737,9456.47619047619,7132,2.6039411000001564
easy,6,30,11423,10751,9480,8157,2.6861995999997816
easy,6,31,11423,11233,9448.285714285714,7574,2.757778799999869
easy,6,32,11423,11054,9579.285714285714,8242,2.8239346000000296
easy,6,33,11423,10692,9363.714285714286,8182,2.9120922000001883
easy,6,34,11423,11166,9518.619047619048,8677,3.0470780000005107
easy,6,35,11423,10920,9436.42857142857,7932,3.1356033000001844
easy,6,36,11423,11022,9452.190476190477,7353,3.203281400000378
easy,6,37,11423,10904,9527.952380952382,8227,3.3041339000001244
easy,6,38,11423,10676,9619.285714285714,8396,3.3863203000000794
easy,6,39,11423,11130,9659.142857142857,7896,3.45132410000042
easy,6,40,11423,11090,9602.857142857143,8029,3.530100300000413
easy,6,41,11423,10968,9198.142857142857,7067,3.632479699999749
easy,7,1,11468,11114,10400.095238095239,9535,0.06784659999993892
easy,7,2,11468,11246,9751.142857142857,8174,0.1537940999996863
easy,7,3,11468,11287,9701.380952380952,8103,0.2586811999999554
easy,7,4,11468,11290,9617.52380952381,8114,0.35643049999998766
easy,7,5,11468,11006,9745.47619047619,8218,0.42172819999996136
easy,7,6,11468,11224,9731.238095238095,8525,0.487912900000083
easy,7,7,11468,11282,9567.619047619048,8230,0.5831943000002866
easy,7,8,11468,11391,9580.095238095239,8069,0.713633899999877
easy,7,9,11468,10850,9713.761904761905,7627,0.7804828999996971
easy,7,10,11468,11084,9876.714285714286,8422,0.8563599999997678
easy,7,11,11468,10896,9691.809523809523,8424,0.9237899999998263
easy,7,12,11468,11048,9325.761904761905,7896,0.9995693999999276
easy,7,13,11468,11074,9484.904761904761,8154,1.0660578999995778
easy,7,14,11468,10628,9665.190476190477,8290,1.1450388000002931
easy,7,15,11468,11246,9790.333333333334,7501,1.2295586000000185
easy,7,16,11468,10747,9427,7805,1.3113671999999497
easy,7,17,11468,10553,9430.142857142857,7314,1.3772382999995898
easy,7,18,11468,11181,9704,7833,1.4453519999997297
easy,7,19,11468,11118,9536.857142857143,7576,1.5285585999999967
easy,7,20,11468,11189,9850.380952380952,8838,1.638792900000226
easy,7,21,11468,10817,9619.857142857143,8159,1.7383352999995623
easy,7,22,11468,10857,9213,7192,1.874221000000034
easy,7,23,11468,10994,9587.380952380952,8400,1.952358099999401
easy,7,24,11468,10897,9417.190476190477,7663,2.0347092000001794
easy,7,25,11468,10827,9527.190476190477,8086,2.1040272999998706
easy,7,26,11468,10601,9372.095238095239,7779,2.1835227000001396
easy,7,27,11468,11256,9408.142857142857,7812,2.2628224999998565
easy,7,28,11468,11238,9806.904761904761,8746,2.3494817000000694
easy,7,29,11468,10593,9468.095238095239,7252,2.414014599999973
easy,7,30,11468,11276,9544,7906,2.503566499999579
easy,8,1,11296,11087,10387.52380952381,9284,0.06950299999971321
easy,8,2,11392,11392,9876.333333333334,8330,0.13434219999999186
easy,8,3,11411,11411,10089,8978,0.20110339999973803
easy,8,4,11413,11413,9833.904761904761,7997,0.2814378000002762
easy,8,5,11413,11257,9786.619047619048,8279,0.35392049999973096
easy,8,6,11413,10915,9479.714285714286,7892,0.4695726999998442
easy,8,7,11413,11058,9489.952380952382,7244,0.5495267999995121
easy,8,8,11413,11205,9591.761904761905,7294,0.6553847999994105
easy,8,9,11413,11356,9654.380952380952,7834,0.7939532000000327
easy,8,10,11413,11194,9366.095238095239,7835,0.8576140999994095
easy,8,11,11413,11387,9642.857142857143,8270,0.9234349999996994
easy,8,12,11413,10920,9556.857142857143,7953,0.98772259999987
easy,8,13,11413,11098,9608.47619047619,8131,1.0779805000001943
easy,8,14,11413,10833,9413.857142857143,7413,1.176064999999653
easy,8,15,11581,11581,9503.238095238095,7854,1.2411266999997679
easy,8,16,11581,11246,9503.47619047619,7431,1.3335557999998855
easy,8,17,11581,10832,9602.666666666666,8346,1.43334219999997
easy,8,18,11581,10926,9614.42857142857,8317,1.4971047999997609
easy,8,19,11581,11287,9555.190476190477,8048,1.6142840000002252
easy,8,20,11581,10820,9184.333333333334,7751,1.743143699999564
easy,8,21,11581,10962,9186.57142857143,7494,1.8294710000000123
easy,8,22,11581,10768,9674.809523809523,8197,1.9213955999994141
easy,8,23,11581,11067,9489.095238095239,8272,2.0008742999998503
easy,8,24,11581,11039,9524.190476190477,8048,2.0727944000000207
easy,8,25,11581,10598,9073.190476190477,7059,2.153812900000048
easy,8,26,11581,10775,9445.238095238095,8284,2.2616847999997844
easy,8,27,11581,11203,9500.52380952381,7785,2.3824266999999963
easy,8,28,11581,11355,9662.47619047619,8224,2.4963847999997597
easy,8,29,11581,10600,9373.666666666666,8199,2.587039399999412
easy,8,30,11581,11492,9729.42857142857,8472,2.6667910999995
easy,8,31,11581,10823,9649.904761904761,8385,2.734261599999627
easy,8,32,11581,11452,9516.666666666666,7519,2.7984183999997185
easy,8,33,11581,10972,9479.142857142857,7954,2.8848502000000735
easy,8,34,11581,11149,9210.761904761905,7409,2.9797750999996424
easy,8,35,11581,11032,9629.190476190477,8546,3.1034038999996483
easy,8,36,11581,10658,9503.857142857143,8171,3.1667544000001726
easy,8,37,11581,11495,9584.285714285714,8019,3.2638225000000602
easy,8,38,11581,11338,9412.761904761905,7492,3.3291475999994873
easy,8,39,11581,10889,9381.285714285714,7586,3.3914960000001884
easy,8,40,11581,10577,9098.333333333334,7424,3.5208169999996244
easy,8,41,11581,11138,9542.761904761905,8301,3.584498299999723
easy,8,42,11581,10553,9215.47619047619,7370,3.6677107999994405
easy,8,43,11581,10963,9381,7793,3.736665599999469
easy,8,44,11581,11159,9477.952380952382,8152,3.858709500000259
easy,9,1,11657,11357,10393.095238095239,9290,0.07951570000022912
easy,9,2,11657,11399,9757.809523809523,8359,0.17431269999997312
easy,9,3,11657,11168,9642.190476190477,8328,0.2619319000004907
easy,9,4,11657,11445,9979.142857142857,7937,0.3706935000000158
easy,9,5,11657,10846,9711.238095238095,8003,0.43537080000078276
easy,9,6,11657,11141,9688.52380952381,8191,0.5013723000001846
easy,9,7,11657,10945,9422.190476190477,7962,0.626395300000695
easy,9,8,11657,10854,9641.190476190477,8056,0.7314946000005875
easy,9,9,11657,11090,9879.809523809523,8355,0.8075173000006544
easy,9,10,11657,10799,9594.904761904761,8745,0.8852405000006911
easy,9,11,11657,10827,9563.809523809523,7778,0.9478586000004725
easy,9,12,11657,10469,9358.619047619048,7522,1.010243900000205
easy,9,13,11657,11041,9655.190476190477,7852,1.095657900000333
easy,9,14,11657,11218,9685.238095238095,8376,1.1907248000006803
easy,9,15,11657,10870,9385.666666666666,7644,1.2542849000001297
easy,9,16,11657,11032,9593.666666666666,8181,1.3447040000000925
easy,9,17,11657,10605,9658.952380952382,8426,1.4207021000001987
easy,9,18,11657,11285,9812.333333333334,8655,1.4899868000002243
easy,9,19,11657,10958,9339.52380952381,7807,1.5540344000000914
easy,9,20,11657,10917,9209.809523809523,7579,1.6485495000006267
easy,9,21,11657,11241,9544.52380952381,7333,1.7697087000005922
easy,9,22,11657,10817,9434.904761904761,7116,1.8881455000000642
easy,9,23,11657,11153,9772.714285714286,7697,1.9611351000003197
easy,9,24,11657,10909,9365.238095238095,7692,2.05425170000035
easy,9,25,11657,11173,9554.238095238095,8288,2.1521814000007
easy,9,26,11657,11243,9561.619047619048,8398,2.251711400000204
easy,9,27,11657,11269,9647.190476190477,8098,2.33786020000025
easy,9,28,11657,11357,9531.238095238095,7726,2.4136693000000378
easy,9,29,11657,10868,9567.761904761905,8323,2.4872744000003877
easy,9,30,11657,10389,9569.285714285714,8498,2.571762100000342
easy,10,1,11377,10935,10321.52380952381,9187,0.0760363999997935
easy,10,2,11377,10830,9873.952380952382,8007,0.14064409999991767
easy,10,3,11377,10921,9884.857142857143,8226,0.2189514000001509
easy,10,4,11537,11537,9553.809523809523,8131,0.3306230999996842
easy,10,5,11537,10951,9569.952380952382,8172,0.4169901999994181
easy,10,6,11537,10976,9710.095238095239,8017,0.4979708999999275
easy,10,7,11537,10398,9696.619047619048,8324,0.5652205999995203
easy,10,8,11537,11359,9691.904761904761,8338,0.6991462999994837
easy,10,9,11537,10207,9327.619047619048,8005,0.7700156999999308
easy,10,10,11537,11192,9849.952380952382,8687,0.8340082999993683
easy,10,11,11537,11145,9685.714285714286,8544,0.9104965999995329
easy,10,12,11537,10948,9444,7885,1.000885699999344
easy,10,13,11537,10645,9357.619047619048,7790,1.0911418999994567
easy,10,14,11537,10862,9381.285714285714,7480,1.1642744999999195
easy,10,15,11537,11002,9556.714285714286,7681,1.2427147999997032
easy,10,16,11537,10965,9579.42857142857,7841,1.3161307999998826
easy,10,17,11537,10888,9347.809523809523,8120,1.4103473999994094
easy,10,18,11537,10568,9605.809523809523,8740,1.4736936999997852
easy,10,19,11537,10893,9370.904761904761,8189,1.5732069999994565
easy,10,20,11537,10131,9027.42857142857,7951,1.6350799000001643
easy,10,21,11537,11215,9651.42857142857,8095,1.7035414000001765
easy,10,22,11537,10772,9476.333333333334,7371,1.7675146000001405
easy,10,23,11537,11222,9443.380952380952,8223,1.8436142999998992
easy,10,24,11537,11029,9537.952380952382,8041,1.9324795000002268
easy,10,25,11537,10676,9227,8120,1.9991275000002133
easy,10,26,11537,10885,9490.952380952382,8353,2.0941726000000926
easy,10,27,11537,10741,9379.666666666666,7885,2.157706299999518
easy,10,28,11537,11140,9580.904761904761,7704,2.254284099999495
easy,10,29,11582,11582,9448.238095238095,8156,2.4634249999999156
easy,10,30,11582,10799,9408.42857142857,7777,2.526394800000162
easy,10,31,11582,11201,9494.190476190477,8622,2.59062670000003
easy,10,32,11582,11506,9515.142857142857,8563,2.73663039999974
easy,10,33,11582,10765,9292.857142857143,7876,2.8082402
easy,10,34,11582,11194,9223.47619047619,7817,2.915837699999429
easy,10,35,11582,10560,9393.52380952381,7794,2.9941201999999976
easy,10,36,11582,10815,9565.619047619048,7848,3.0581615000000966
easy,10,37,11582,11020,9526.285714285714,7281,3.1484389999995983
easy,10,38,11582,10739,9299.714285714286,7814,3.218139699999483
easy,10,39,11582,10531,9452.809523809523,7717,3.280084399999396
easy,10,40,11582,11134,9577,8271,3.36533369999961
easy,10,41,11582,11096,9416.095238095239,8127,3.4284348999999565
easy,10,42,11582,11172,9745.714285714286,8346,3.492572299999665
easy,10,43,11582,10520,9351.52380952381,8109,3.5556055999995806
easy,10,44,11582,11116,9482.285714285714,8034,3.644155399999363
easy,10,45,11582,11113,9343.047619047618,7845,3.764601500000026
easy,10,46,11582,11134,9305.714285714286,8269,3.841696200000115
easy,10,47,11582,11357,9487.857142857143,8079,3.972544399999606
easy,10,48,11582,11211,9321,7728,4.057581600000049
easy,10,49,11582,10639,9480.52380952381,8472,4.171601699999883
easy,10,50,11582,10615,9491.952380952382,7691,4.235246299999744
easy,10,51,11582,10904,9541.095238095239,7996,4.3574744999996256
easy,10,52,11582,11182,9584.857142857143,8822,4.462268599999334
easy,10,53,11582,10867,9691.333333333334,8669,4.554815999999846
easy,10,54,11582,11082,9488.809523809523,7576,4.635190899999543
easy,10,55,11677,11677,9284.285714285714,7790,4.7242662999997265
easy,10,56,11677,10782,9779.52380952381,8804,4.789974499999516
easy,10,57,11677,10687,9277.904761904761,7834,4.896991699999489
easy,10,58,11677,11292,9527.047619047618,7949,5.053481500000089
easy,10,59,11677,11510,9558.761904761905,7451,5.201372800000172
easy,10,60,11677,11237,9311.952380952382,6775,5.334819699999571
easy,10,61,11677,11359,9822.714285714286,8263,5.43604249999953
easy,10,62,11677,11054,9722.095238095239,8699,5.533794299999499
easy,10,63,11677,11370,9184.238095238095,7853,5.665854599999875
easy,10,64,11677,10438,9373.333333333334,7917,5.729858699999568
easy,10,65,11677,11014,9254.809523809523,7164,5.818268299999545
easy,10,66,11677,11227,9526.380952380952,7685,5.88412580000022
easy,10,67,11677,11183,9244.714285714286,7561,6.0043071000000054
easy,10,68,11677,10741,9672.857142857143,8749,6.080736299999444
easy,10,69,11677,10659,9293.761904761905,7886,6.1653053
easy,10,70,11677,11220,9430.619047619048,8038,6.261464199999864
easy,10,71,11677,11166,9337.47619047619,8139,6.326454600000034
easy,10,72,11677,10736,9616.57142857143,6823,6.409375100000034
easy,10,73,11677,11293,9555.619047619048,7234,6.473216700000194
easy,10,74,11677,11202,9389.238095238095,7373,6.542207800000142
easy,10,75,11677,11436,9615.47619047619,8501,6.609236599999349
easy,10,76,11677,10584,9355.095238095239,7625,6.67153049999979
easy,10,77,11677,11355,9340.714285714286,8086,6.784714599999461
easy,10,78,11677,10798,9331.57142857143,7508,6.854520299999422
easy,10,79,11677,10882,9542.619047619048,7481,6.9667726999996376
easy,10,80,11677,11257,9555.333333333334,7829,7.036108599999352
easy,10,81,11677,11092,9447.285714285714,7612,7.137203599999339
easy,10,82,11677,10943,9630.809523809523,7885,7.2464749000000666
easy,10,83,11677,10792,9420.57142857143,7821,7.368337599999904
easy,10,84,11677,11448,9277.190476190477,7819,7.520202900000186
medium1,1,1,10184,10184,9133.645161290322,7822,0.41014829999949143
medium1,1,2,10184,9025,7371.967741935484,5886,0.7703559000001405
medium1,1,3,10184,9762,7201.741935483871,5498,1.5060253999999986
medium1,1,4,10184,9125,7161.741935483871,5566,1.7939302999993743
medium1,1,5,10184,8854,6670.451612903225,5207,2.130586299999777
medium1,1,6,10184,8941,6854.741935483871,5596,2.485004199999821
medium1,1,7,10184,10101,6888.8387096774195,5191,2.968534599999657
medium1,1,8,10184,9665,6605.8387096774195,5198,3.4570036999994045
medium1,1,9,10184,8622,6833.967741935484,5335,3.7531325999998444
medium1,1,10,10184,9284,6593.4838709677415,5077,4.220939599999838
medium1,1,11,10184,9388,6589.129032258064,4951,4.914314699999522
medium1,1,12,10184,8984,6602.451612903225,5364,5.445665799999915
medium1,1,13,10184,8449,6437.935483870968,4578,5.714743799999269
medium1,1,14,10184,9102,6671.129032258064,5232,6.249096399999871
medium1,1,15,10184,9133,6343.870967741936,4602,6.741710999999668
medium1,1,16,10184,8261,6314.580645161291,4255,7.014188199999808
medium1,1,17,10184,10016,6494.645161290323,4699,7.6592461000000185
medium1,1,18,10184,8130,6395.193548387097,4235,8.012377000000015
medium1,1,19,10184,8837,6479.258064516129,4617,8.465760899999623
medium1,1,20,10184,8232,6630.258064516129,5086,8.73275250000006
medium1,1,21,10184,9317,6528.129032258064,4717,9.190169399999832
medium1,1,22,10184,8692,6568.032258064516,4656,9.612379499999406
medium1,1,23,10184,9147,6634.870967741936,4775,10.04542020000008
medium1,1,24,10184,9205,6432.8387096774195,4614,10.564180399999714
medium1,1,25,10184,8092,6472.580645161291,4848,10.932993800000077
medium1,1,26,10184,9668,6236.354838709677,3990,11.719788200000039
medium1,1,27,10184,8644,6510.903225806452,4741,12.149602599999525
medium1,1,28,10184,9669,6714.645161290323,4859,12.717482199999722
medium1,1,29,10184,8494,6411.193548387097,4957,13.119953200000054
medium1,1,30,10184,9769,6562.032258064516,5040,13.740704699999696
medium1,2,1,10570,9995,8903.741935483871,6870,0.36855130000003555
medium1,2,2,10570,9712,7345.709677419355,5824,0.8322908999998617
medium1,2,3,10570,9680,6986.677419354839,5047,1.312363500000174
medium1,2,4,10570,9015,6777.548387096775,5286,1.7483477000005223
medium1,2,5,10570,9185,6808.096774193548,5377,2.266045899999881
medium1,2,6,10570,9357,6893.290322580645,5762,2.7728092000006654
medium1,2,7,10570,9054,6801.387096774193,4792,3.094701900000473
medium1,2,8,10570,10256,6826.8387096774195,5151,3.4979167000001326
medium1,2,9,10570,8530,6372.870967741936,4680,3.9622527000001355
medium1,2,10,10570,8107,6715.032258064516,4992,4.2325157000004765
medium1,2,11,10570,9147,6695.903225806452,4657,4.74823220000053
medium1,2,12,10570,8504,6557.806451612903,4887,5.0128665000002
medium1,2,13,10570,9991,6617.967741935484,5103,5.81828140000016
medium1,2,14,10570,8514,6349.258064516129,4472,6.3373545000004015
medium1,2,15,10570,9048,6679.387096774193,4663,6.977194500000223
medium1,2,16,10570,9490,7055.709677419355,5140,7.436773600000379
medium1,2,17,10570,9512,6456.258064516129,4667,7.876422899999852
medium1,2,18,10570,8846,6713.935483870968,5556,8.250012900000002
medium1,2,19,10570,8570,6533.645161290323,4820,8.526322700000492
medium1,2,20,10570,9770,6582.580645161291,4559,9.185581400000046
medium1,2,21,10570,10002,6691.193548387097,4819,9.821439800000007
medium1,2,22,10570,8754,6514.129032258064,4018,10.130941800000073
medium1,2,23,10570,8325,6264.290322580645,5049,10.448821300000418
medium1,2,24,10570,7705,6205.258064516129,4609,10.709285400000226
medium1,2,25,10570,8981,6503.612903225807,5214,11.241935099999864
medium1,2,26,10570,9987,6708.903225806452,4865,11.885638400000062
medium1,2,27,10570,9481,6572.032258064516,4277,12.325067800000397
medium1,2,28,10570,9481,6507.967741935484,4855,12.675052500000675
medium1,2,29,10570,8210,6073.967741935484,4883,13.110210100000586
medium1,2,30,10570,9268,6463.967741935484,5061,13.637216699999954
medium1,3,1,10727,10625,8797.645161290322,6940,0.3119575000000623
medium1,3,2,10727,9518,7249,5361,0.9598513999999341
medium1,3,3,10727,10159,6946.064516129032,5513,1.4340533000004143
medium1,3,4,10727,9758,7246.419354838709,5072,1.8949498000001768
medium1,3,5,10727,10175,7037.129032258064,5148,2.396886900000027
medium1,3,6,10727,9406,6795.935483870968,5344,2.9265744000003906
medium1,3,7,10727,10054,6955.258064516129,5445,3.2219904000003226
medium1,3,8,10727,9400,6708.677419354839,5095,3.626078199999938
medium1,3,9,10727,9662,6755.870967741936,5274,4.291623600000094
medium1,3,10,10727,9406,6743.129032258064,5243,4.8672503000007055
medium1,3,11,10727,9350,6770.387096774193,5439,5.269466499999908
medium1,3,12,10727,9667,6686.419354838709,4836,5.689178200000242
medium1,3,13,10727,9236,6482.677419354839,5247,6.282983200000672
medium1,3,14,10727,9103,6631.774193548387,4569,6.6622119000003295
medium1,3,15,10727,9562,6747.419354838709,5405,7.014385000000402
medium1,3,16,10727,8864,6587.903225806452,5248,7.335106900000028
medium1,3,17,10727,8745,6608.8387096774195,5129,7.717305400000441
medium1,3,18,10727,9005,6524.741935483871,4688,8.194493500000135
medium1,3,19,10727,8795,6686.096774193548,4686,8.527562500000386
medium1,3,20,10727,10013,6546.322580645161,4639,9.298383100000137
medium1,3,21,10727,9983,6415.451612903225,4081,9.692450300000019
medium1,3,22,10727,8607,6457.419354838709,4789,10.166952000000492
medium1,3,23,10727,9179,6361.193548387097,4739,10.666161300000567
medium1,3,24,10727,8578,6445.645161290323,4953,11.06099280000035
medium1,3,25,10727,9399,6473,4666,11.884308800000326
medium1,3,26,10727,8563,6266.580645161291,4307,12.40696460000072
medium1,3,27,10727,9627,6786.096774193548,5419,12.682694099999935
medium1,3,28,10727,9684,6714.290322580645,5019,13.146786300000713
medium1,3,29,10727,9388,6652.451612903225,5087,13.90036020000025
medium1,3,30,10727,9884,6703.612903225807,5236,14.358237500000541
medium1,4,1,10570,10415,9351.870967741936,6436,0.43096330000025773
medium1,4,2,10570,9752,7536.645161290323,5345,0.8291076000004978
medium1,4,3,10570,9926,7349.354838709677,5874,1.257115800000065
medium1,4,4,10570,9917,7078.225806451613,5706,1.7688282999997682
medium1,4,5,10570,9255,6817.903225806452,5074,2.169167799999741
medium1,4,6,10570,8558,6784.580645161291,5059,2.4344952999999805
medium1,4,7,10570,8784,6820.032258064516,4883,2.7567759000003207
medium1,4,8,10570,8800,6554.645161290323,4884,3.2184714000004533
medium1,4,9,10570,10243,7031.8387096774195,4871,3.7144421000002694
medium1,4,10,10570,9466,6640.774193548387,5286,4.446321399999761
medium1,4,11,10570,9379,6885.5161290322585,5059,4.932243700000072
medium1,4,12,10570,9242,6588.774193548387,4757,5.520081100000425
medium1,4,13,10570,9917,6528.806451612903,4621,6.199025300000358
medium1,4,14,10570,8894,6727.5161290322585,5496,6.618084599999747
medium1,4,15,10570,9574,6552.322580645161,4614,7.01253319999978
medium1,4,16,10570,9609,6548.612903225807,4851,7.368439099999705
medium1,4,17,10570,9669,6655.645161290323,4656,7.741932400000223
medium1,4,18,10570,8678,6338.193548387097,4553,8.135279000000082
medium1,4,19,10570,8304,6828.129032258064,5329,8.4884847000003
medium1,4,20,10570,9503,6211.096774193548,5127,8.951886300000297
medium1,4,21,10570,8833,6392.741935483871,4190,9.288204299999961
medium1,4,22,10570,8522,6561.322580645161,4699,9.553315299999667
medium1,4,23,10570,9695,6650.290322580645,4477,10.147776800000429
medium1,4,24,10570,8821,6565.677419354839,4726,10.443457000000308
medium1,4,25,10570,8910,6506.322580645161,4956,10.99663849999979
medium1,4,26,10570,8999,6471.1612903225805,4944,11.548106299999745
medium1,4,27,10570,8645,6512.290322580645,4900,11.82930959999976
medium1,4,28,10570,9291,6647.451612903225,5464,12.321838500000013
medium1,4,29,10570,9286,6683.806451612903,5094,12.847331699999813
medium1,4,30,10570,8490,6516.4838709677415,5410,13.330218699999932
medium1,5,1,10831,10831,9429.645161290322,8146,0.5189854999998715
medium1,5,2,10831,9195,7504.451612903225,5730,0.7884076999998797
medium1,5,3,10831,9959,7217.709677419355,5191,1.3183165999998891
medium1,5,4,10831,10089,7262.5161290322585,5265,2.0056508999996367
medium1,5,5,10831,9194,7010.419354838709,5220,2.36807299999964
medium1,5,6,10831,8671,6898.677419354839,4954,2.685393699999622
medium1,5,7,10831,9341,6744.5161290322585,3933,3.2847181999995883
medium1,5,8,10831,9374,6785.451612903225,5398,3.5932715999997527
medium1,5,9,10831,9119,7116.8387096774195,5481,4.10147329999927
medium1,5,10,10831,8663,6683.225806451613,4575,4.620056799999475
medium1,5,11,10831,8448,6543.1612903225805,4848,4.959317599999849
medium1,5,12,10831,9730,6707.806451612903,5375,5.77441109999927
medium1,5,13,10831,9042,6803.645161290323,5167,6.041254499999923
medium1,5,14,10831,9557,6555.8387096774195,4569,6.719396799999231
medium1,5,15,10831,9521,6441.322580645161,3515,7.480051499999718
medium1,5,16,10831,8702,6569.903225806452,5105,7.862461699999585
medium1,5,17,10831,9091,6445.193548387097,4867,8.27730209999936
medium1,5,18,10831,9379,6467.580645161291,4734,8.925877199999377
medium1,5,19,10831,9275,6468.935483870968,4906,9.254149099999267
medium1,5,20,10831,10113,6628.4838709677415,4613,9.99477559999923
medium1,5,21,10831,9095,6829.645161290323,4840,10.277314099999785
medium1,5,22,10831,9062,6937.225806451613,4705,10.682149399999616
medium1,5,23,10831,9335,6493.645161290323,5364,11.293241999999736
medium1,5,24,10831,8362,6575.322580645161,5032,11.551462399999764
medium1,5,25,10831,9575,6497.806451612903,4594,12.019173499999852
medium1,5,26,10831,7944,6608.193548387097,5439,12.275719399999616
medium1,5,27,10831,8755,6561.193548387097,5105,12.799047699999392
medium1,5,28,10831,9319,6248.225806451613,4673,13.357258899999579
medium1,5,29,10831,8888,6417.935483870968,4512,13.767556999999215
medium1,5,30,10831,8988,6445.548387096775,4308,14.256736999999703
medium1,6,1,10570,10424,9072.322580645161,7261,0.3653080999993108
medium1,6,2,10570,9928,7414.290322580645,5870,0.8514224000000468
medium1,6,3,10570,9477,7040.032258064516,5549,1.2532102999994095
medium1,6,4,10570,9917,7191.612903225807,5824,1.6771838999993633
medium1,6,5,10570,9393,7037.064516129032,5219,2.1445344999992813
medium1,6,6,10570,9958,7053,5623,2.548929699999462
medium1,6,7,10570,9401,7028.258064516129,5114,2.8434729999999035
medium1,6,8,10570,8926,6755.193548387097,5129,3.27524639999956
medium1,6,9,10570,8169,6745.451612903225,4823,3.611816899999212
medium1,6,10,10570,9406,6723.387096774193,4855,4.286586199999874
medium1,6,11,10570,9730,6577.903225806452,4159,4.932225099999414
medium1,6,12,10570,9285,6641,4754,5.3217109999995955
medium1,6,13,10570,9362,6554.419354838709,4989,5.888585299999249
medium1,6,14,10570,8864,6441.129032258064,5243,6.296455499999865
medium1,6,15,10570,8175,6487.322580645161,4604,6.801084400000036
medium1,6,16,10570,9267,6740,4524,7.25796039999932
medium1,6,17,10570,8852,6572.4838709677415,4260,7.620901899999808
medium1,6,18,10570,8957,6416.935483870968,4797,7.971386499999426
medium1,6,19,10570,8350,6437.774193548387,4583,8.234826699999758
medium1,6,20,10570,9488,6559.774193548387,4860,8.869278299999678
medium1,6,21,10570,8624,6607.903225806452,4454,9.133196199999475
medium1,6,22,10570,9275,6633.677419354839,5204,9.644837999999254
medium1,6,23,10570,8596,6497.806451612903,4932,10.007657799999834
medium1,6,24,10570,9297,6194.645161290323,4587,10.912538699999459
medium1,6,25,10570,9285,6616.096774193548,3800,11.484759199999644
medium1,6,26,10570,8608,6491.129032258064,4968,11.756918299999597
medium1,6,27,10570,8685,6455.419354838709,5160,12.371312499999476
medium1,6,28,10570,9007,6845.903225806452,5416,12.757829399999537
medium1,6,29,10570,8691,6710.612903225807,4619,13.025357900000017
medium1,6,30,10570,9607,6573.8387096774195,4249,13.546544999999242
medium1,7,1,10614,9969,8818.870967741936,7132,0.3121112000007997
medium1,7,2,10614,9992,7331.451612903225,5835,0.7994573000005403
medium1,7,3,10614,10267,7464.548387096775,6385,1.2536376000007294
medium1,7,4,10614,9009,7087.225806451613,5425,1.5320870000005016
medium1,7,5,10614,8915,6734.258064516129,4858,1.8625438000008216
medium1,7,6,10614,8914,6782.548387096775,5458,2.319367100000818
medium1,7,7,10614,9007,6876.451612903225,5462,2.697384100000818
medium1,7,8,10614,9368,6752.258064516129,4975,3.0780641000001197
medium1,7,9,10614,8633,6440.096774193548,4763,3.629576100000122
medium1,7,10,10614,9770,6583.870967741936,4170,4.487137900000562
medium1,7,11,10614,9420,6495,4748,5.052699900000334
medium1,7,12,10614,9783,6708.193548387097,4396,5.6326482000004034
medium1,7,13,10614,8807,6425.903225806452,5274,6.0624416000000565
medium1,7,14,10614,10211,6649.935483870968,4318,6.656110400000216
medium1,7,15,10614,8567,6121.806451612903,4956,7.158946100000321
medium1,7,16,10614,9468,6659.193548387097,4560,7.63312230000065
medium1,7,17,10614,9058,6517.935483870968,5340,8.159944100000757
medium1,7,18,10614,8952,6701.935483870968,5263,8.51440300000013
medium1,7,19,10614,8931,6411.8387096774195,4013,9.186293900000237
medium1,7,20,10614,9338,6560.129032258064,5238,9.600729000000683
medium1,7,21,10614,9437,6714.4838709677415,4616,9.942523700000493
medium1,7,22,10614,9497,6530.1612903225805,4751,10.509315600000264
medium1,7,23,10614,8931,6328.322580645161,4454,10.977062300000398
medium1,7,24,10614,9527,6724.387096774193,4745,11.592929500000537
medium1,7,25,10614,9552,6492.322580645161,4701,12.278107000000091
medium1,7,26,10614,8120,6311.612903225807,4779,12.649341900000763
medium1,7,27,10614,8473,6422.774193548387,4942,12.955775400000675
medium1,7,28,10614,9740,6769.612903225807,5231,13.446757000000616
medium1,7,29,10614,8690,6448.096774193548,4586,13.715184800000316
medium1,7,30,10614,9245,6294.774193548387,4384,14.637240900000506
medium1,8,1,10570,9996,9020.451612903225,7738,0.31526560000020254
medium1,8,2,10570,10023,7851.4838709677415,5604,0.6423623000000589
medium1,8,3,10570,9252,7402.290322580645,5899,1.1838221000007252
medium1,8,4,10570,9195,7244.870967741936,6014,1.482608700000128
medium1,8,5,10570,9728,6777.8387096774195,4912,1.9115832000006776
medium1,8,6,10570,9844,6848.129032258064,5086,2.4699333000007755
medium1,8,7,10570,10211,7175.4838709677415,4919,2.803131900000153
medium1,8,8,10570,9094,6692.741935483871,4386,3.1478102000000945
medium1,8,9,10570,9804,6672.193548387097,4756,3.6731982000001153
medium1,8,10,10570,10380,6781.967741935484,5528,4.45310900000004
medium1,8,11,10570,9006,6485.354838709677,4836,4.801190099999985
medium1,8,12,10570,8493,6790.387096774193,5021,5.320429100000183
medium1,8,13,10570,8768,6632.290322580645,4942,5.674793400000453
medium1,8,14,10570,9605,6229.4838709677415,4483,6.663268200000857
medium1,8,15,10570,8864,6640.4838709677415,4925,6.982633200000237
medium1,8,16,10570,8931,6474.4838709677415,4565,7.446122900000773
medium1,8,17,10570,9448,6673.709677419355,4703,8.102572200000395
medium1,8,18,10570,7766,6371.677419354839,4925,8.360867000000326
medium1,8,19,10570,9476,6444.612903225807,4632,9.237599100000807
medium1,8,20,10570,9374,6302.580645161291,4713,9.627169800000047
medium1,8,21,10570,9415,6418.709677419355,4319,10.321548000000803
medium1,8,22,10570,8673,6631.064516129032,4853,10.591087200000402
medium1,8,23,10570,8664,6411.225806451613,4553,10.985028100000818
medium1,8,24,10570,9481,6569.5161290322585,4778,11.744508400000086
medium1,8,25,10570,7951,6038.580645161291,4877,12.241478200000529
medium1,8,26,10570,9353,6259.935483870968,4350,12.936197700000776
medium1,8,27,10570,8834,6467.548387096775,3702,13.397612000000663
medium1,8,28,10570,8786,6267.677419354839,4073,13.75926250000066
medium1,8,29,10570,8141,6174.322580645161,4403,14.075119500000255
medium1,8,30,10570,7910,6333.806451612903,4464,14.377837800000634
medium1,9,1,10605,10443,9337.322580645161,7557,0.390279900000678
medium1,9,2,10605,9919,7474.387096774193,5750,0.8665724000002228
medium1,9,3,10605,9792,7153.096774193548,5833,1.4189186000003247
medium1,9,4,10605,9292,7093.225806451613,4818,1.7964434000004985
medium1,9,5,10605,9689,7061.5161290322585,4869,2.246026800000436
medium1,9,6,10605,9147,6999.709677419355,5552,2.589956400000119
medium1,9,7,10605,9364,6704.774193548387,5044,3.0503201000001354
medium1,9,8,10605,9008,6966.580645161291,5740,3.5366227000004073
medium1,9,9,10605,9541,6353,4758,4.265966500000104
medium1,9,10,10605,8630,6329.870967741936,4650,4.711273599999913
medium1,9,11,10605,9436,6476.032258064516,4463,5.40907100000004
medium1,9,12,10605,10072,6532.612903225807,5332,6.194200400000227
medium1,9,13,10605,8370,6315.935483870968,5061,6.5608030000003055
medium1,9,14,10605,9466,6729.5161290322585,5209,6.828727699999945
medium1,9,15,10605,9187,6608.258064516129,4505,7.179956900000434
medium1,9,16,10605,8934,6560.645161290323,4985,7.55714800000078
medium1,9,17,10605,9114,6390.967741935484,4345,8.165203900000051
medium1,9,18,10605,9136,6555.580645161291,4798,8.731252500000664
medium1,9,19,10605,9446,6502.5161290322585,5105,9.129036300000735
medium1,9,20,10605,9710,6546.1612903225805,4898,9.618029500000375
medium1,9,21,10605,9467,6784.8387096774195,4903,10.212584900000365
medium1,9,22,10605,9644,6723.5161290322585,5111,10.740853000000243
medium1,9,23,10605,8905,6667.580645161291,4643,11.239771200000177
medium1,9,24,10605,8359,6429.677419354839,5184,11.562808500000756
medium1,9,25,10605,9836,6550.677419354839,4471,12.164629300000342
medium1,9,26,10605,9290,6137.709677419355,4730,13.196943300000385
medium1,9,27,10605,9167,6395.580645161291,4435,13.598838800000522
medium1,9,28,10605,9572,6279.096774193548,4929,14.062453200000164
medium1,9,29,10605,8924,6526.4838709677415,3972,14.586716400000114
medium1,9,30,10605,9166,6796.419354838709,5579,14.905844200000502
medium1,10,1,10614,10215,8950.451612903225,7463,0.311737400000311
medium1,10,2,10614,9802,7478.419354838709,5826,0.7228490000006786
medium1,10,3,10614,8987,7303.451612903225,6005,0.9977999000002455
medium1,10,4,10614,9869,6993.774193548387,5243,1.4190489000002344
medium1,10,5,10614,10046,6790.290322580645,4853,1.8407668000008925
medium1,10,6,10614,9876,6722.129032258064,5223,2.1239682000004905
medium1,10,7,10614,8306,6570.677419354839,4573,2.3960546000007525
medium1,10,8,10614,9822,6674.677419354839,4613,3.046726200000194
medium1,10,9,10614,8805,6651.903225806452,4940,3.4808234000001903
medium1,10,10,10614,8700,6603.8387096774195,4796,3.7525293000007878
medium1,10,11,10614,8502,6523.8387096774195,4723,4.108560800000305
medium1,10,12,10614,10013,6519.903225806452,4215,4.634379900000567
medium1,10,13,10614,8425,6461.548387096775,4084,4.991060800000014
medium1,10,14,10614,9759,6692.774193548387,4897,5.5044606000001295
medium1,10,15,10614,9753,6702.096774193548,5528,6.011187400000381
medium1,10,16,10614,8443,6728.612903225807,4991,6.391807200000585
medium1,10,17,10614,9244,6717.709677419355,4968,6.704985000000306
medium1,10,18,10614,9677,6679.451612903225,5138,7.09759700000086
medium1,10,19,10614,9275,6525.354838709677,4437,7.670381600000837
medium1,10,20,10614,8004,6222.193548387097,4205,7.982470400000238
medium1,10,21,10614,8358,6584.774193548387,4614,8.253301900000224
medium1,10,22,10614,8175,6435.677419354839,4560,8.637588500000675
medium1,10,23,10614,9542,6499.709677419355,4407,9.081007500000851
medium1,10,24,10614,8336,6686.8387096774195,4014,9.38646450000033
medium1,10,25,10614,8951,6496.580645161291,5090,9.934625500000038
medium1,10,26,10614,9852,6555.1612903225805,4882,10.472549600000093
medium1,10,27,10614,9101,6281.354838709677,4287,11.17489950000072
medium1,10,28,10614,9428,6467.225806451613,3881,11.80372560000069
medium1,10,29,10614,10268,6729.290322580645,5028,12.409949800000504
medium1,10,30,10614,9308,6477.8387096774195,4770,12.98424630000045
medium2,1,1,11954,10476,9407.09677419355,8441,0.3390502000002016
medium2,1,2,11954,10737,8825.483870967742,7426,0.8423560000001089
medium2,1,3,11954,10625,8196,6195,1.4492849000007482
medium2,1,4,11954,10851,8369.258064516129,6848,2.273877000000539
medium2,1,5,11954,11003,8039.1612903225805,6100,2.8336066000001665
medium2,1,6,11954,10507,8143.806451612903,6190,3.435681800000566
medium2,1,7,11954,10496,8142.096774193548,7091,3.8150487000002613
medium2,1,8,11954,10272,7957.806451612903,6152,4.374919400000181
medium2,1,9,11954,10241,7901.645161290323,6461,4.884795599999961
medium2,1,10,11954,10141,7884.225806451613,5809,5.3001351000002614
medium2,1,11,11954,9914,7791.322580645161,6286,5.776742500000182
medium2,1,12,11954,10985,7724.548387096775,6037,6.596119000000726
medium2,1,13,11954,10740,7693.580645161291,6317,7.248611900000469
medium2,1,14,11954,10462,7620.903225806452,6015,7.789547800000037
medium2,1,15,11954,10487,7614.354838709677,5645,8.361207200000536
medium2,1,16,11954,11035,7515.645161290323,6135,9.081817400000546
medium2,1,17,11954,10474,7546.967741935484,5793,9.619146900000487
medium2,1,18,11954,10144,7585.8387096774195,5202,10.405153900000187
medium2,1,19,11954,10509,7543.645161290323,5904,10.87662790000013
medium2,1,20,11954,10809,7599.258064516129,6085,11.743354000000181
medium2,1,21,11954,10081,7658.935483870968,6098,12.24663099999998
medium2,1,22,11954,10243,7549.354838709677,6209,12.740793400000257
medium2,1,23,11954,10097,7241.645161290323,5431,13.310916299999917
medium2,1,24,11954,10706,7580.870967741936,5910,13.696228800000426
medium2,1,25,11954,10437,7310.935483870968,5060,14.179724800000258
medium2,1,26,11954,10068,7746.096774193548,5255,14.479125800000475
medium2,1,27,11954,10470,7690.064516129032,5614,15.008814800000437
medium2,1,28,11954,10893,7704.451612903225,5782,15.539474200000768
medium2,1,29,11954,10358,7526.8387096774195,6260,16.244087600000057
medium2,1,30,11954,10991,7633.4838709677415,5874,16.960560299999997
medium2,2,1,11475,10811,9421.58064516129,7700,0.34774670000024344
medium2,2,2,11475,10398,8218.935483870968,6721,1.1348516999996718
medium2,2,3,11475,10446,8140.548387096775,6754,1.636810300000434
medium2,2,4,11475,10701,8137.741935483871,6220,2.3606269000001703
medium2,2,5,11475,10528,7825.4838709677415,6437,3.03507879999961
medium2,2,6,11475,10031,7826.709677419355,6230,3.945718900000429
medium2,2,7,11475,10393,7934.387096774193,6157,4.337963599999966
medium2,2,8,11475,10412,7713.193548387097,5209,5.003407500000321
medium2,2,9,11475,10177,7540.322580645161,5741,5.597360099999605
medium2,2,10,11475,10176,7631.322580645161,5982,6.057286999999633
medium2,2,11,11475,10099,8056.096774193548,6560,6.581213899999966
medium2,2,12,11475,10783,7702.677419354839,5504,7.349526300000434
medium2,2,13,11475,10384,7701.677419354839,6613,8.055821699999797
medium2,2,14,11475,10235,7541.032258064516,5918,8.395630099999835
medium2,2,15,11475,9660,7438.1612903225805,5919,8.693539799999598
medium2,2,16,11475,10532,7746.903225806452,5810,9.191675199999736
medium2,2,17,11475,10969,7731.806451612903,5942,9.910861899999873
medium2,2,18,11475,10668,7737.4838709677415,6031,10.522010100000443
medium2,2,19,11475,10360,7749.677419354839,5903,11.022756399999707
medium2,2,20,11475,9572,7464.548387096775,5530,11.444983200000024
medium2,2,21,11475,10877,7508.129032258064,5859,12.137496800000008
medium2,2,22,11475,10315,7469.032258064516,6170,12.714504800000213
medium2,2,23,11475,10607,7801.225806451613,5639,13.195736300000135
medium2,2,24,11475,10040,7296.354838709677,5624,14.065037500000471
medium2,2,25,11475,10050,7500.935483870968,5852,14.87053829999968
medium2,2,26,11475,10016,7639.903225806452,5894,15.562320600000021
medium2,2,27,11475,9971,7823.709677419355,6542,16.35904440000013
medium2,2,28,11475,10319,7436.1612903225805,5740,16.99431149999964
medium2,2,29,11475,10860,7742.903225806452,6156,17.5075582999998
medium2,2,30,11475,10958,7728.967741935484,6143,18.378932300000088
medium2,3,1,11491,11021,9295.516129032258,8241,0.49273269999957847
medium2,3,2,11491,10220,8270.354838709678,6531,0.9091133000001719
medium2,3,3,11491,10004,8174.032258064516,5194,1.3491407999999865
medium2,3,4,11491,10393,7960.451612903225,5728,1.9589858999997887
medium2,3,5,11491,10265,8016.193548387097,6864,2.4561951999994562
medium2,3,6,11491,10975,8236.41935483871,6572,2.8959336999996594
medium2,3,7,11491,10235,7638.806451612903,5665,3.4690990999997666
medium2,3,8,11491,10382,7885.580645161291,5990,3.8992959999995946
medium2,3,9,11491,10254,7741.096774193548,6460,4.409543599999779
medium2,3,10,11491,10452,7635.1612903225805,6430,5.158158600000206
medium2,3,11,11491,9991,7641.741935483871,6190,5.5999173000000155
medium2,3,12,11491,10785,7798.580645161291,6308,6.474574699999721
medium2,3,13,11491,9938,7620.290322580645,5899,7.1868044000002556
medium2,3,14,11491,10247,7581.774193548387,5939,8.042062999999871
medium2,3,15,11491,11055,7923.709677419355,6365,8.933593599999767
medium2,3,16,11491,10139,7514.193548387097,5840,9.54552220000005
medium2,3,17,11491,10753,7591.354838709677,5998,9.997773299999608
medium2,3,18,11491,10365,7642.580645161291,5548,10.390850199999477
medium2,3,19,11491,10978,7727.419354838709,6284,11.220126799999889
medium2,3,20,11491,10018,7678.870967741936,6100,11.669710499999383
medium2,3,21,11491,10072,7378.580645161291,5762,12.07532269999956
medium2,3,22,11491,10776,7508.709677419355,6001,12.900190800000018
medium2,3,23,11491,10776,7707.1612903225805,6535,13.764788399999816
medium2,3,24,11491,9517,7509.4838709677415,5696,14.457116900000074
medium2,3,25,11491,11046,7558.387096774193,5918,15.280764199999794
medium2,3,26,11491,10832,7573.193548387097,6134,16.40698280000015
medium2,3,27,11491,9872,7417.354838709677,5712,16.949559699999554
medium2,3,28,11491,10380,7430.129032258064,5864,17.601786000000175
medium2,3,29,11491,10244,7425.129032258064,5636,18.126498900000115
medium2,3,30,11491,10349,7698.548387096775,5502,18.515658299999814
medium2,4,1,11394,10888,9055.935483870968,7750,0.324350200000481
medium2,4,2,11394,10885,8453,6791,0.9086105000005773
medium2,4,3,11394,10193,8157.258064516129,6698,1.6209303000005093
medium2,4,4,11394,10895,8371.290322580646,7322,2.615968900000553
medium2,4,5,11394,10292,8000.645161290323,6250,3.204233800000111
medium2,4,6,11394,10401,7969.903225806452,6714,4.002920300000369
medium2,4,7,11394,9942,7862.709677419355,5833,4.388187900000048
medium2,4,8,11516,11516,7903.225806451613,5919,4.973616600000241
medium2,4,9,11516,10509,7764.129032258064,5767,5.375326100000166
medium2,4,10,11516,10499,7773.580645161291,5994,6.156339000000116
medium2,4,11,11516,10284,7468.129032258064,5391,6.689918200000648
medium2,4,12,11516,9983,7669.774193548387,6092,7.034805199999937
medium2,4,13,11516,10952,7693.387096774193,5339,7.584674900000209
medium2,4,14,11516,11421,7881.645161290323,5223,8.749441100000695
medium2,4,15,11516,10445,7614.8387096774195,6121,9.723435900000368
medium2,4,16,11516,10155,7712.870967741936,6080,10.462208700000701
medium2,4,17,11516,10225,7989.419354838709,6198,10.929312000000209
medium2,4,18,11516,10676,7834.225806451613,5391,11.41172110000025
medium2,4,19,11516,10343,7433.580645161291,5734,12.329805000000306
medium2,4,20,11516,10489,7597.387096774193,5429,13.04611819999991
medium2,4,21,11516,10529,7689.806451612903,5835,13.634339000000182
medium2,4,22,11516,9967,7356.419354838709,6299,14.268469100000402
medium2,4,23,11516,9823,7636.612903225807,6037,14.619377500000155
medium2,4,24,11516,10544,7843.258064516129,6671,15.529283300000316
medium2,4,25,11516,10411,7642.4838709677415,5366,16.244121000000632
medium2,4,26,11516,10181,7535.677419354839,6157,16.923669200000404
medium2,4,27,11516,9996,7836.677419354839,6331,17.439186800000243
medium2,4,28,11516,10304,7980.064516129032,5974,17.886824300000626
medium2,4,29,11516,10581,7662.870967741936,5801,18.672853099999884
medium2,4,30,11516,10436,7648.870967741936,6185,19.281595700000253
medium2,4,31,11516,10701,7418.064516129032,5417,19.875274800000625
medium2,4,32,11516,9780,7306.096774193548,5817,20.228928300000007
medium2,4,33,11516,9845,7201.741935483871,5026,20.84951700000056
medium2,4,34,11516,10283,7392.677419354839,5690,21.248241500000404
medium2,4,35,11516,11171,7763.290322580645,6232,21.757956000000377
medium2,4,36,11516,10836,7566.129032258064,5305,22.651748500000394
medium2,4,37,11516,10278,7650.774193548387,5603,23.134230300000127
medium2,5,1,11745,11745,9284.09677419355,7740,0.7906083999996554
medium2,5,2,11745,11240,8146.774193548387,6526,1.4264280999996117
medium2,5,3,11831,11831,8336.806451612903,6672,2.1213912000002892
medium2,5,4,11831,10041,8057.064516129032,6572,2.591158799999903
medium2,5,5,11831,10671,7945.548387096775,6454,3.3129758000004585
medium2,5,6,11831,10324,8094.645161290323,6688,3.6345429000002696
medium2,5,7,11831,11014,7906.870967741936,5919,4.081818999999996
medium2,5,8,11831,10236,7689.064516129032,6322,4.718952299999728
medium2,5,9,11831,10560,7676.5161290322585,5656,5.272477200000139
medium2,5,10,11831,10836,8001.774193548387,6190,5.817786200000228
medium2,5,11,11831,10228,7648.258064516129,6242,6.262497100000473
medium2,5,12,11831,9865,7657.4838709677415,6623,6.607112400000005
medium2,5,13,11831,10022,7746.225806451613,5819,7.091118700000152
medium2,5,14,11831,10444,7577.645161290323,5712,7.8394312000000355
medium2,5,15,11831,9605,7387.419354838709,5453,8.435319600000184
medium2,5,16,11831,10351,7527.612903225807,5824,9.340815300000031
medium2,5,17,11831,10268,7587.354838709677,5856,9.86255540000002
medium2,5,18,11831,10917,7565.8387096774195,5602,10.459058800000093
medium2,5,19,11831,10376,7482.967741935484,5621,11.209123700000418
medium2,5,20,11831,10045,7310.774193548387,5605,11.788080000000264
medium2,5,21,11831,11059,7672.774193548387,6064,12.801642899999933
medium2,5,22,11831,10289,7356.451612903225,5432,13.458467100000234
medium2,5,23,11831,10529,7612.1612903225805,5837,13.9391913999998
medium2,5,24,11831,9835,7731.193548387097,5386,14.356361099999958
medium2,5,25,11831,10367,7326.709677419355,5197,14.975877099999707
medium2,5,26,11831,10995,7652.612903225807,5583,15.955770200000188
medium2,5,27,11831,9767,7456.451612903225,5564,16.280992799999694
medium2,5,28,11831,10264,7638.064516129032,5421,16.852742099999887
medium2,5,29,11831,10696,7374.129032258064,5282,17.393667299999834
medium2,5,30,11831,9894,7662.935483870968,5818,17.940605300000243
medium2,5,31,11831,10319,7639.129032258064,6143,18.656654700000217
medium2,5,32,11831,10039,7423.709677419355,5831,19.29870630000005
medium2,6,1,11444,11444,9135.129032258064,7891,0.48588999999992666
medium2,6,2,11444,10537,8465.90322580645,7194,0.8775576999996701
medium2,6,3,11444,10561,7864.4838709677415,6145,1.232051899999533
medium2,6,4,11444,11357,7847.870967741936,5601,1.8982659999992393
medium2,6,5,11444,10794,8273.129032258064,6379,2.650733099999343
medium2,6,6,11444,10401,7742.1612903225805,5686,3.3262557999996716
medium2,6,7,11444,10329,7787.322580645161,6382,3.8180530999998155
medium2,6,8,11444,11286,7801.935483870968,6216,4.442414199999803
medium2,6,9,11444,10794,7798.258064516129,5385,4.910853699999279
medium2,6,10,11444,10824,7638.1612903225805,6281,5.680557799999406
medium2,6,11,11444,10671,7643.548387096775,6472,6.408477699999821
medium2,6,12,11444,10084,7714.032258064516,5898,6.762699699999757
medium2,6,13,11444,10384,7501.935483870968,5379,7.49718219999977
medium2,6,14,11444,10075,7486.322580645161,5713,8.013055099999292
medium2,6,15,11444,11345,7651.354838709677,5982,8.814036199999464
medium2,6,16,11444,10020,7480.032258064516,4965,9.202645200000006
medium2,6,17,11444,10697,7581.8387096774195,6088,9.911397500000021
medium2,6,18,11444,10590,7660.064516129032,5415,10.653511699999399
medium2,6,19,11444,9785,7432.1612903225805,5628,11.393803999999363
medium2,6,20,11444,10284,7483.903225806452,5208,12.375653899999634
medium2,6,21,11444,9946,7786.677419354839,6361,13.02627399999983
medium2,6,22,11444,9997,7560.967741935484,5423,13.615303999999924
medium2,6,23,11444,10108,7116.903225806452,5280,14.217338200000086
medium2,6,24,11444,9313,7665.032258064516,5598,14.555866099999548
medium2,6,25,11444,10654,7802.903225806452,5157,15.232496299999184
medium2,6,26,11444,10067,7409.709677419355,6098,16.069576699999743
medium2,6,27,11444,10339,7176,5557,16.733973200000037
medium2,6,28,11444,9715,7422.354838709677,5741,17.157852999999704
medium2,6,29,11444,10717,7388.032258064516,6249,17.824934700000085
medium2,6,30,11444,10365,7690,5903,18.52953339999931
medium2,7,1,12136,10952,9499.032258064517,8114,0.32246440000017174
medium2,7,2,12136,10581,8565.58064516129,5619,0.839648600000146
medium2,7,3,12136,9937,8130.967741935484,6207,1.2370407999997042
medium2,7,4,12136,10656,8053.451612903225,6580,1.8067775999998048
medium2,7,5,12136,10368,8328.064516129032,6942,2.251049200000125
medium2,7,6,12136,11071,8164.322580645161,5901,2.783034299999599
medium2,7,7,12136,10512,8001.645161290323,5134,3.358397999999397
medium2,7,8,12136,11030,7954.645161290323,6028,4.097535899999457
medium2,7,9,12136,10107,7791.419354838709,5660,4.721354199999951
medium2,7,10,12136,10029,7798,6384,5.321203399999831
medium2,7,11,12136,10946,7719.967741935484,5519,5.840519100000165
medium2,7,12,12136,9985,7729.1612903225805,5830,6.456344799999897
medium2,7,13,12136,10645,7791.967741935484,4941,6.962312599999677
medium2,7,14,12136,10611,7649.806451612903,6015,7.6048863999994865
medium2,7,15,12136,10982,7957.387096774193,6634,8.428168800000094
medium2,7,16,12136,10494,7754.903225806452,5689,9.1268184999999
medium2,7,17,12136,11637,7659.935483870968,5856,9.707767099999728
medium2,7,18,12136,10650,7702.193548387097,6000,10.305746199999703
medium2,7,19,12136,10798,7738.580645161291,5973,10.79207099999985
medium2,7,20,12136,10941,7598.903225806452,5706,11.34155329999976
medium2,7,21,12136,10345,7650.967741935484,5332,12.022904699999344
medium2,7,22,12136,10541,7701.935483870968,5802,12.751898999999867
medium2,7,23,12136,10492,7652.612903225807,6096,13.296486899999763
medium2,7,24,12136,10058,7311.096774193548,5245,13.889352999999574
medium2,7,25,12136,10244,7595.8387096774195,6173,14.208229299999402
medium2,7,26,12136,11063,7584.290322580645,5925,14.968677199999547
medium2,7,27,12136,10447,7595.967741935484,6047,15.639139500000056
medium2,7,28,12136,10535,7418.967741935484,4899,16.480320399999982
medium2,7,29,12136,10422,7520.193548387097,6030,17.31441349999932
medium2,7,30,12136,10377,7830.677419354839,6080,17.680730199999743
medium2,8,1,11328,11023,9318,7420,0.48358139999982086
medium2,8,2,11771,11771,8366.516129032258,6756,1.4036514999997962
medium2,8,3,11771,11238,8085.709677419355,5634,2.4603306999997585
medium2,8,4,11771,10691,8093.387096774193,6296,2.932377899999665
medium2,8,5,11771,10321,7825.258064516129,5515,3.5482390999995914
medium2,8,6,11771,10337,7993.806451612903,6765,4.119699599999876
medium2,8,7,11771,10505,7927.290322580645,5977,4.85607119999986
medium2,8,8,11771,11394,8091.8387096774195,6453,5.32831780000015
medium2,8,9,11771,9389,7850.548387096775,5655,5.704596599999604
medium2,8,10,11771,11105,7983.709677419355,6829,6.283550099999957
medium2,8,11,11771,10141,7924.290322580645,5926,6.945531600000322
medium2,8,12,11771,10507,7732.129032258064,6003,7.389063399999941
medium2,8,13,11771,10735,8060.741935483871,6319,7.808684200000243
medium2,8,14,11771,11088,7620.548387096775,5867,8.500982100000329
medium2,8,15,11771,10752,7798.354838709677,6575,9.1802674999999
medium2,8,16,11771,10443,7406.354838709677,4957,9.975545999999667
medium2,8,17,11771,9741,7679.354838709677,5524,10.546247100000073
medium2,8,18,11771,10540,7640.354838709677,5609,11.413716600000043
medium2,8,19,11771,10411,7788.064516129032,5047,12.02845410000009
medium2,8,20,11771,10766,7656,5963,12.669237099999918
medium2,8,21,11771,10432,7788.096774193548,6464,13.128043400000024
medium2,8,22,11771,10361,7385.387096774193,5552,13.494843200000105
medium2,8,23,11771,10431,7713.548387096775,5965,13.91767820000041
medium2,8,24,11771,9846,7651.1612903225805,6398,14.315959499999735
medium2,8,25,11771,9624,7084.903225806452,4915,14.873298000000432
medium2,8,26,11771,10610,7486.451612903225,5612,15.405897599999662
medium2,8,27,11771,10191,7168.741935483871,5480,16.373519400000077
medium2,8,28,11771,10553,7562.709677419355,6161,17.427436699999816
medium2,8,29,11771,10389,7499.903225806452,5622,18.060536500000126
medium2,8,30,11771,9950,7579.709677419355,5676,18.504565000000184
medium2,8,31,11771,10470,7437.193548387097,6226,19.127906099999564
medium2,9,1,11592,11020,9471.741935483871,8130,0.413811600000372
medium2,9,2,11592,10949,8761.58064516129,7483,1.1640761000007842
medium2,9,3,11592,10413,8232.451612903225,6410,1.6205502000002525
medium2,9,4,11592,11023,8329.225806451614,5905,2.197609000000739
medium2,9,5,11592,10560,7774.806451612903,6311,2.7149762000008195
medium2,9,6,11592,10132,7900.258064516129,6193,3.116177100000641
medium2,9,7,11592,10484,7751.935483870968,5191,3.767245100000764
medium2,9,8,11592,10607,7780.193548387097,6412,4.447969400000147
medium2,9,9,11592,10583,7693.064516129032,6051,4.945462100000441
medium2,9,10,11592,10130,7735,6320,5.701793200000793
medium2,9,11,11592,9722,7564.967741935484,5945,5.997415400000136
medium2,9,12,11592,11067,7480.258064516129,5931,6.668688000000657
medium2,9,13,11592,11189,7523.193548387097,5822,7.678022900000542
medium2,9,14,11592,10610,7564.1612903225805,5242,8.445346800000152
medium2,9,15,11592,10371,7675.193548387097,5240,8.934762700000647
medium2,9,16,11592,9484,7583.935483870968,6374,9.521557700000812
medium2,9,17,11592,10834,7792.354838709677,5887,10.261678100000609
medium2,9,18,11592,11050,7766.935483870968,5975,10.76145710000037
medium2,9,19,11592,10117,7286.8387096774195,4821,11.72345470000073
medium2,9,20,11592,10678,7873.677419354839,6018,12.190681300000506
medium2,9,21,11592,9960,7549.774193548387,5860,12.785543200000575
medium2,9,22,11592,10306,7529.4838709677415,5642,13.404743700000836
medium2,9,23,11592,10341,7624.806451612903,5947,14.03062300000056
medium2,9,24,11592,10106,7677.387096774193,5404,14.41314120000061
medium2,9,25,11592,11063,7677.548387096775,5387,15.029350400000112
medium2,9,26,11592,10188,7521.741935483871,5881,15.570648700000675
medium2,9,27,11592,10005,7486.645161290323,5618,16.042605999999978
medium2,9,28,11592,10522,7440.451612903225,5290,16.99325130000034
medium2,9,29,11592,10527,7700.612903225807,5864,17.41981400000077
medium2,9,30,11592,10122,7530.5161290322585,5904,17.755652900000314
medium2,10,1,12048,11107,9416.258064516129,7379,0.4970154000002367
medium2,10,2,12048,11036,8436.870967741936,7048,0.9366215999998531
medium2,10,3,12048,10857,8322.354838709678,6566,1.4415112000006047
medium2,10,4,12048,11522,8432.967741935483,6296,2.2127762000000075
medium2,10,5,12048,10348,8026.5161290322585,6130,2.5656527999999525
medium2,10,6,12048,10785,7846.451612903225,6038,3.416400199999771
medium2,10,7,12048,10804,7673.903225806452,5745,4.145391500000187
medium2,10,8,12048,10024,7479.5161290322585,5555,5.147189199999957
medium2,10,9,12048,11110,7937.290322580645,6585,6.033444600000621
medium2,10,10,12048,10209,7680.225806451613,5448,6.5788681000003635
medium2,10,11,12048,10946,7849.548387096775,6290,7.2008636999999
medium2,10,12,12048,10024,7867.677419354839,5982,7.611717200000385
medium2,10,13,12048,11329,7972.709677419355,6232,8.446898500000316
medium2,10,14,12048,10105,7694.258064516129,5947,8.85489890000008
medium2,10,15,12048,10312,7596.741935483871,6028,9.53411640000013
medium2,10,16,12048,10976,7648.419354838709,6194,10.059115200000633
medium2,10,17,12048,10513,7745.806451612903,5722,10.360836400000153
medium2,10,18,12048,10352,7327.387096774193,6044,11.075068600000122
medium2,10,19,12048,11249,7640,5873,11.969162500000493
medium2,10,20,12048,10988,7671.870967741936,6309,13.035187000000406
medium2,10,21,12048,10816,7547.8387096774195,5348,13.490496399999756
medium2,10,22,12048,10669,7748.451612903225,5913,14.090042900000299
medium2,10,23,12048,10501,7874.967741935484,6392,14.711719599999924
medium2,10,24,12048,10518,7595.8387096774195,6001,15.464489500000127
medium2,10,25,12048,10792,7557.774193548387,5553,16.171300699999847
medium2,10,26,12048,10341,7797,6244,16.700590999999804
medium2,10,27,12048,10490,7639.580645161291,5439,17.338321299999734
medium2,10,28,12048,10041,7471.806451612903,5690,18.078093099999933
medium2,10,29,12048,10490,7821.129032258064,5982,18.479772499999854
medium2,10,30,12048,10460,7374.322580645161,5632,19.011820900000203
hard,1,1,9310,8535,6835.4390243902435,5534,3.594455299999936
hard,1,2,9310,8158,6130.658536585366,4691,5.796650799999952
hard,1,3,9310,7624,6055.975609756098,4579,8.93406109999978
hard,1,4,9310,8427,6025.878048780488,4754,12.19416739999997
hard,1,5,9310,7532,5794.8536585365855,4868,15.372834700000567
hard,1,6,9310,8104,5782.365853658536,4754,18.89637279999988
hard,1,7,9310,8073,5860.121951219512,4888,21.9992929
hard,1,8,9310,8028,5768.975609756098,4618,25.701436600000306
hard,1,9,9310,8105,5685.048780487805,4532,30.33310369999981
hard,1,10,9310,8100,5655.804878048781,4548,34.36156740000024
hard,1,11,9310,8291,5786.634146341464,4334,37.65471359999992
hard,1,12,9310,7990,5605.878048780488,4470,41.96214550000059
hard,1,13,9310,7653,5724.731707317073,4546,46.139152300000205
hard,1,14,9310,8105,5600.317073170731,4042,51.436754199999996
hard,1,15,9310,8276,5673.219512195122,4055,55.8237153
hard,1,16,9310,7604,5477.634146341464,4294,58.94975340000019
hard,1,17,9310,8063,5517.048780487805,4235,63.38164450000022
hard,1,18,9310,7172,5425.609756097561,3953,66.61890940000012
hard,1,19,9310,8447,5761.292682926829,4191,70.01495900000009
hard,1,20,9310,8120,5628.804878048781,4829,73.87375169999996
hard,1,21,9310,7629,5518.951219512195,4488,76.95584589999999
hard,1,22,9310,8159,5641.90243902439,4428,79.99899790000018
hard,1,23,9310,8063,5594.048780487805,4407,84.05976269999974
hard,1,24,9310,7546,5552.170731707317,4727,86.76526329999979
hard,1,25,9310,8099,5588.5609756097565,4521,91.58240079999996
hard,1,26,9310,8080,5477.5609756097565,4561,96.32201880000048
hard,1,27,9310,7189,5576.731707317073,4441,98.8491825000001
hard,1,28,9310,8076,5521.048780487805,4442,103.12944320000042
hard,1,29,9310,7482,5505.048780487805,4312,106.29554110000026
hard,1,30,9310,8017,5338.048780487805,4311,111.38489600000048
hard,2,1,9367,8310,6774.024390243902,5772,2.9999894000002314
hard,2,2,9367,8366,6223.90243902439,5095,6.180212399999618
hard,2,3,9367,8083,6150.829268292683,4872,10.397657299999992
hard,2,4,9367,8105,5834.926829268293,4508,15.466476499999771
hard,2,5,9367,8254,6141.170731707317,5046,19.027452399999675
hard,2,6,9367,7642,5865.707317073171,4414,22.694531799999822
hard,2,7,9367,8072,6007.804878048781,4826,27.971639000000323
hard,2,8,9367,8555,5795.414634146341,4481,32.95200860000023
hard,2,9,9367,8071,5832.829268292683,4589,36.3341018000001
hard,2,10,9367,7643,5610.073170731707,4108,40.09966689999965
hard,2,11,9367,7678,5720.365853658536,4444,43.02612190000036
hard,2,12,9367,7663,5628.512195121952,4531,46.87876969999979
hard,2,13,9367,7639,5723.09756097561,4686,49.349551399999655
hard,2,14,9367,7393,5713.634146341464,4168,52.46771720000015
hard,2,15,9367,8004,5717.8536585365855,4603,55.74917100000039
hard,2,16,9367,7960,5788.243902439024,4362,59.0664840999998
hard,2,17,9367,7163,5669.951219512195,4790,62.41856590000043
hard,2,18,9367,7802,5607.292682926829,3769,65.8417300000001
hard,2,19,9367,7668,5591.195121951219,4455,68.82848250000006
hard,2,20,9367,8396,5610.09756097561,3986,71.90727659999993
hard,2,21,9367,7653,5608.634146341464,4449,75.10862890000044
hard,2,22,9367,7668,5626.341463414634,4626,78.12975000000006
hard,2,23,9367,8130,5554.878048780488,4356,82.74690649999957
hard,2,24,9367,7155,5539.219512195122,4394,85.4959471000002
hard,2,25,9367,8094,5551.5609756097565,4130,89.13964390000001
hard,2,26,9367,7668,5426.09756097561,4334,93.2441872999998
hard,2,27,9367,7642,5458.90243902439,4274,96.48266429999967
hard,2,28,9367,7481,5367.390243902439,4004,99.39759150000009
hard,2,29,9367,7651,5536.829268292683,4331,104.57267339999999
hard,2,30,9367,7628,5486.073170731707,4492,108.67403879999983
hard,3,1,8928,8758,6774.170731707317,5601,2.905757999999878
hard,3,2,8928,7904,6078.975609756098,4987,5.637377199999719
hard,3,3,8928,8434,6142.682926829269,5027,9.47369819999949
hard,3,4,8928,8104,5869.4390243902435,4622,14.869129199999406
hard,3,5,8928,7780,5845,4627,17.896000799999456
hard,3,6,8928,7141,5688.707317073171,4685,21.521183400000155
hard,3,7,8928,8066,5853.463414634146,4575,24.874998499999492
hard,3,8,8928,7367,5742.195121951219,4774,27.48684669999966
hard,3,9,8928,7806,5651.195121951219,4749,30.227698900000178
hard,3,10,8928,7450,5632.1463414634145,4237,32.52026599999954
hard,3,11,8928,7563,5712.317073170731,4525,35.75555050000003
hard,3,12,8928,8095,5764.609756097561,4519,38.91525029999957
hard,3,13,8928,8080,5691.634146341464,4387,43.60746819999986
hard,3,14,8928,7904,5670.024390243902,4611,47.55484069999966
hard,3,15,8928,7600,5499.463414634146,4272,50.44368789999953
hard,3,16,8928,7645,5638.926829268293,4669,53.89845400000013
hard,3,17,8928,8507,5682.048780487805,4613,59.240703100000246
hard,3,18,8928,8084,5513.341463414634,3987,64.05006349999985
hard,3,19,8928,7522,5520.414634146341,4357,67.53630629999952
hard,3,20,8928,7653,5503.195121951219,4653,70.74688520000018
hard,3,21,8928,8009,5512.390243902439,4296,75.17442949999986
hard,3,22,8928,7956,5506.1463414634145,4444,78.54381860000012
hard,3,23,8928,8030,5594.536585365854,4309,81.44031519999953
hard,3,24,8928,7964,5489.365853658536,4695,85.93568869999945
hard,3,25,8928,7936,5384.951219512195,4275,90.33150589999968
hard,3,26,8928,8085,5623.731707317073,4535,94.95166879999942
hard,3,27,8928,8000,5513.731707317073,4316,99.2269924000002
hard,3,28,8928,7657,5518.90243902439,4281,102.82998709999993
hard,3,29,8928,7644,5401.585365853659,4210,105.89903439999944
hard,3,30,8928,7546,5528.463414634146,4148,109.13651649999974
hard,4,1,9028,8456,6808.195121951219,5372,2.9060673999993014
hard,4,2,9028,8377,6134.682926829269,5247,6.910450899999887
hard,4,3,9028,8100,6011.4390243902435,4763,9.600224899999375
hard,4,4,9028,8675,6080.1463414634145,5061,14.015465899999981
hard,4,5,9028,7988,5749.8536585365855,4769,18.06913540000005
hard,4,6,9028,8311,5905.8536585365855,4616,20.678210600000057
hard,4,7,9028,7020,5772.1463414634145,4685,23.45875629999955
hard,4,8,9028,7920,5778.634146341464,4719,27.047743799999807
hard,4,9,9028,7918,5710.609756097561,4494,30.384001200000057
hard,4,10,9028,7579,5684.09756097561,4503,33.83004429999983
hard,4,11,9028,7617,5746.4390243902435,4693,37.40470449999975
hard,4,12,9028,7994,5638.585365853659,4288,41.03857400000015
hard,4,13,9028,7576,5618.365853658536,4433,44.18141379999997
hard,4,14,9028,8043,5495.170731707317,4558,49.53706919999968
hard,4,15,9028,7994,5703.024390243902,4684,53.08538739999949
hard,4,16,9028,7663,5664.536585365854,4766,55.97743420000006
hard,4,17,9028,7132,5543.121951219512,4230,59.65268779999951
hard,4,18,9028,7647,5616.585365853659,4251,63.348973999999544
hard,4,19,9028,7993,5701.195121951219,4901,67.24685709999994
hard,4,20,9028,7627,5566.341463414634,4484,71.07585489999929
hard,4,21,9028,8012,5616.536585365854,4540,75.70645199999944
hard,4,22,9028,7616,5544.609756097561,4613,78.8985189999994
hard,4,23,9028,8356,5437.951219512195,4204,83.06911049999962
hard,4,24,9028,7997,5554.1463414634145,4421,86.91163030000007
hard,4,25,9028,7647,5413.780487804878,4330,90.41915629999949
hard,4,26,9028,7642,5514.609756097561,3919,94.28241509999953
hard,4,27,9028,8043,5430.073170731707,4477,99.76838229999976
hard,4,28,9028,8013,5433.658536585366,4264,104.03178990000015
hard,4,29,9028,8015,5501.756097560976,4640,107.52986609999971
hard,4,30,9028,7664,5475.219512195122,4438,111.10561559999951
hard,5,1,9118,8660,6763.390243902439,5577,2.568509499999891
hard,5,2,9118,7513,6100.975609756098,5165,4.835851199999524
hard,5,3,9118,7652,5894.024390243902,4467,8.516223099999479
hard,5,4,9118,7989,5941.195121951219,4953,12.92705229999956
hard,5,5,9118,8817,5885.487804878048,4785,18.2092289000002
hard,5,6,9118,8252,5825.243902439024,4256,22.127929299999778
hard,5,7,9118,7642,5781.268292682927,4389,26.00459690000025
hard,5,8,9118,7993,5748.951219512195,4339,29.131139899999653
hard,5,9,9118,7846,5735.585365853659,4410,32.50176620000002
hard,5,10,9118,7647,5592.073170731707,4699,36.517902599999616
hard,5,11,9118,7667,5616.780487804878,4243,40.17423099999996
hard,5,12,9118,8000,5626.804878048781,4481,44.26807790000021
hard,5,13,9118,8271,5633.634146341464,4582,47.38407629999983
hard,5,14,9118,7643,5647.4390243902435,4627,51.14704819999952
hard,5,15,9118,7979,5676.756097560976,4474,55.26069699999971
hard,5,16,9118,7653,5712.341463414634,4717,59.14509910000015
hard,5,17,9118,8068,5604,4688,62.478300599999784
hard,5,18,9118,7669,5535.317073170731,4402,65.57923969999956
hard,5,19,9118,7474,5569.878048780488,4370,68.85855689999971
hard,5,20,9118,8305,5617.682926829269,4484,72.48599539999941
hard,5,21,9118,7880,5657.756097560976,4542,75.37091880000025
hard,5,22,9118,7548,5588.487804878048,4810,78.68782190000002
hard,5,23,9118,7652,5586.463414634146,4628,82.31788909999977
hard,5,24,9118,8218,5650.463414634146,4430,86.88576829999965
hard,5,25,9118,8003,5314.09756097561,4428,91.28209020000031
hard,5,26,9118,7576,5529.073170731707,4697,94.12612329999956
hard,5,27,9118,8120,5489.926829268293,4194,98.85750409999946
hard,5,28,9118,7135,5377.390243902439,3793,101.90251040000021
hard,5,29,9118,7719,5567.121951219512,4272,105.33231749999959
hard,5,30,9118,7629,5427.341463414634,3957,108.37670460000027
hard,6,1,9008,8751,6786.048780487805,5706,3.1074942999994164
hard,6,2,9008,7621,6166.414634146341,5233,6.181575900000098
hard,6,3,9008,7583,5890.195121951219,5015,9.322960200000125
hard,6,4,9008,8062,5807,4600,14.046999899999719
hard,6,5,9008,7577,5844.390243902439,4405,17.028363599999466
hard,6,6,9008,8062,5909.243902439024,5036,20.733623799999805
hard,6,7,9008,7543,5653.390243902439,4102,24.27882640000007
hard,6,8,9008,7904,5886.756097560976,4726,28.44350089999989
hard,6,9,9008,7651,5703.365853658536,4793,32.0528204000002
hard,6,10,9008,8423,5857.1463414634145,4717,35.13694260000011
hard,6,11,9008,7667,5731.707317073171,4637,37.59959780000008
hard,6,12,9008,8051,5865.121951219512,4786,40.95376690000012
hard,6,13,9008,7163,5590.268292682927,4771,43.48664389999976
hard,6,14,9008,7561,5732.780487804878,4451,46.44020629999977
hard,6,15,9008,7616,5546.780487804878,4522,50.241604499999994
hard,6,16,9008,7621,5656.634146341464,4508,53.50769909999963
hard,6,17,9008,7626,5561.951219512195,4547,56.892783499999496
hard,6,18,9008,8070,5556.024390243902,4189,60.80912350000017
hard,6,19,9008,7584,5547.317073170731,4749,63.7375006000002
hard,6,20,9008,7641,5573.487804878048,4527,67.1454079999994
hard,6,21,9008,7639,5665.219512195122,4502,70.60724740000023
hard,6,22,9008,7543,5581.09756097561,4390,73.87696799999958
hard,6,23,9008,7650,5554.09756097561,4287,77.84454970000024
hard,6,24,9008,8030,5529.536585365854,4326,80.93661639999937
hard,6,25,9008,8119,5521.09756097561,4324,85.67246049999994
hard,6,26,9008,7668,5523.804878048781,4851,89.72068169999966
hard,6,27,9008,7988,5392.024390243902,4218,93.20696359999965
hard,6,28,9008,8462,5484.268292682927,4354,96.26569310000014
hard,6,29,9008,7176,5391.341463414634,3607,99.56567350000023
hard,6,30,9008,8077,5495.048780487805,4436,102.2882467999998
hard,7,1,9030,8056,6662.8536585365855,5871,2.914777900000445
hard,7,2,9030,7988,6193.682926829269,5247,5.584397900000113
hard,7,3,9030,7815,6117.951219512195,5232,8.565845000000081
hard,7,4,9030,8068,6050.756097560976,4975,14.208011600000646
hard,7,5,9030,8008,5987.073170731707,4764,18.169707600000038
hard,7,6,9030,7755,5922.487804878048,4908,21.34473370000069
hard,7,7,9030,8191,6021.609756097561,4590,25.061477100000047
hard,7,8,9030,8097,5978.975609756098,4842,28.358932700000878
hard,7,9,9030,7152,5838.90243902439,4978,31.223860400000376
hard,7,10,9030,7575,5818.731707317073,4799,34.55088050000086
hard,7,11,9030,8358,5971.09756097561,4864,39.03149100000064
hard,7,12,9030,7984,5723.5609756097565,4618,43.26845240000057
hard,7,13,9030,8217,5833.731707317073,4577,45.33988970000064
hard,7,14,9030,7625,5787.292682926829,4755,49.131661300000815
hard,7,15,9030,8000,5698.219512195122,4706,52.69278880000002
hard,7,16,9030,7884,5606.121951219512,4563,56.11272460000055
hard,7,17,9030,8019,5719,4737,59.6466003000005
hard,7,18,9030,7154,5574.09756097561,4201,61.9470366000005
hard,7,19,9030,7502,5604.268292682927,4577,64.52000140000018
hard,7,20,9030,7534,5612.536585365854,4487,68.06850350000059
hard,7,21,9030,8051,5587.170731707317,4512,71.80038100000002
hard,7,22,9030,8036,5731.195121951219,4960,76.0946539000006
hard,7,23,9030,8083,5641.365853658536,4294,79.68357670000023
hard,7,24,9030,7967,5590.390243902439,4419,83.0342954000007
hard,7,25,9030,7653,5450.219512195122,4270,86.41401710000082
hard,7,26,9030,8411,5643,4531,90.0246773000008
hard,7,27,9030,7583,5623.09756097561,4735,93.33636990000014
hard,7,28,9030,7648,5628.756097560976,4528,96.97979190000024
hard,7,29,9030,8056,5562.804878048781,4458,100.20860670000002
hard,7,30,9030,7973,5326.536585365854,3667,103.75178080000023
hard,8,1,9247,8767,6723.317073170731,5630,2.950517499999478
hard,8,2,9247,8192,6205.1463414634145,5018,6.415317899999536
hard,8,3,9247,8685,6140.829268292683,4868,8.872253699999419
hard,8,4,9247,8119,5889.90243902439,4977,13.501174600000013
hard,8,5,9247,8581,6047.829268292683,4970,16.988773000000037
hard,8,6,9247,7915,5850.609756097561,4900,21.530892799999492
hard,8,7,9247,7862,5749.121951219512,4398,24.195625100000143
hard,8,8,9247,7516,5802.487804878048,4475,27.83228820000022
hard,8,9,9247,7814,5833.756097560976,4823,30.77742599999965
hard,8,10,9247,7954,5924.048780487805,5117,34.089623899999424
hard,8,11,9247,7898,5659.731707317073,4605,37.66398609999942
hard,8,12,9247,8606,5690.682926829269,4804,41.95331729999998
hard,8,13,9247,8070,5763.975609756098,4638,46.651639499999874
hard,8,14,9247,7616,5629.09756097561,4242,50.136241500000324
hard,8,15,9247,7920,5605.390243902439,3885,54.572600299999976
hard,8,16,9247,7609,5621.414634146341,4688,57.74420480000026
hard,8,17,9247,7527,5661.463414634146,4158,61.37995289999981
hard,8,18,9247,7433,5606.341463414634,3930,64.37312240000028
hard,8,19,9247,8004,5491.5609756097565,4257,68.46683529999973
hard,8,20,9247,8054,5539.634146341464,4156,72.7893825000001
hard,8,21,9247,8102,5667.390243902439,4558,77.61985279999953
hard,8,22,9247,8134,5496.682926829269,4249,83.02732449999985
hard,8,23,9247,7676,5524.073170731707,4525,87.74639339999976
hard,8,24,9247,7622,5371.414634146341,4038,90.95662650000031
hard,8,25,9247,7174,5433.292682926829,4192,93.52562039999975
hard,8,26,9247,7653,5485.609756097561,4528,96.62114360000032
hard,8,27,9247,7653,5589.4390243902435,4277,100.76791909999974
hard,8,28,9247,7852,5440.975609756098,4419,104.05783400000018
hard,8,29,9247,8105,5560.414634146341,4113,109.46840479999992
hard,8,30,9247,7973,5556.219512195122,4343,113.43525359999967
hard,9,1,9384,8694,6678.268292682927,5346,2.5091717999994216
hard,9,2,9384,7642,6125.707317073171,5063,5.438937999999325
hard,9,3,9384,7653,6066.463414634146,4932,8.715967199999795
hard,9,4,9384,7652,6072.780487804878,4793,11.975196999999753
hard,9,5,9384,7615,5842.536585365854,5012,15.392755500000021
hard,9,6,9384,8104,5993.756097560976,4982,19.202742200000102
hard,9,7,9384,7108,5845.634146341464,4654,21.91833879999922
hard,9,8,9384,8102,5773.341463414634,4651,26.45110509999995
hard,9,9,9384,7667,5748.243902439024,4895,29.901466999999684
hard,9,10,9384,8076,5964.341463414634,4602,33.09070669999983
hard,9,11,9384,7607,5609.341463414634,4607,36.206183399999645
hard,9,12,9384,8078,5879.4390243902435,4950,39.842447699999866
hard,9,13,9384,7495,5618.682926829269,4771,42.49946009999985
hard,9,14,9384,8095,5668.926829268293,4461,47.46460669999942
hard,9,15,9384,8094,5657.317073170731,4776,51.16819459999988
hard,9,16,9384,8048,5680.609756097561,4773,55.66943199999969
hard,9,17,9384,7960,5604.219512195122,4486,60.16282059999958
hard,9,18,9384,8070,5440.804878048781,4220,64.46887179999976
hard,9,19,9384,7886,5772.975609756098,4231,67.7864953999997
hard,9,20,9384,8435,5558.292682926829,4328,71.74586180000006
hard,9,21,9384,7925,5613.707317073171,4152,76.06138519999968
hard,9,22,9384,7934,5621.121951219512,4420,79.63401239999985
hard,9,23,9384,7989,5494.512195121952,4222,84.47681629999897
hard,9,24,9384,7628,5631.195121951219,4736,88.01860189999934
hard,9,25,9384,7521,5457.536585365854,4558,91.10673510000015
hard,9,26,9384,8080,5559.073170731707,4343,96.78260219999902
hard,9,27,9384,7617,5429.804878048781,4198,100.74793169999975
hard,9,28,9384,7670,5532.341463414634,4649,105.38768439999876
hard,9,29,9384,8115,5681.536585365854,4459,110.17085719999886
hard,9,30,9384,8037,5503.09756097561,4279,114.32690360000015
hard,10,1,9060,8652,6856.658536585366,5729,3.5844952999996167
hard,10,2,9060,8275,6175.317073170731,5263,6.8797623999998905
hard,10,3,9060,8319,6027,5211,10.86479320000035
hard,10,4,9060,8486,5944.4390243902435,4949,18.22484489999988
hard,10,5,9060,7579,5934.536585365854,4913,21.676161200000934
hard,10,6,9060,7629,5951.682926829269,5029,25.305144500000097
hard,10,7,9060,7986,5817.292682926829,4777,28.80748350000067
hard,10,8,9060,7643,5757.170731707317,4616,32.685751700000765
hard,10,9,9060,7941,5753.609756097561,4837,36.180302500000835
hard,10,10,9060,7927,5815.048780487805,4988,40.177146100000755
hard,10,11,9060,8134,5720.341463414634,4464,43.67676060000122
hard,10,12,9060,7647,5664.682926829269,4750,47.8179325000001
hard,10,13,9060,8259,5715.414634146341,4455,50.98986160000095
hard,10,14,9060,8027,5694.390243902439,4552,55.57303780000075
hard,10,15,9060,7583,5571.682926829269,4245,59.309033000001364
hard,10,16,9060,7933,5534.536585365854,4653,62.90133799999967
hard,10,17,9060,7661,5634.1463414634145,4265,66.77012970000033
hard,10,18,9060,8284,5599.121951219512,4445,70.3010789
hard,10,19,9060,7645,5620.219512195122,4474,72.8078514000008
hard,10,20,9060,8075,5596.487804878048,4308,77.04740070000116
hard,10,21,9060,7642,5506.804878048781,4505,80.07136019999962
hard,10,22,9060,7643,5431.09756097561,4454,83.20971800000007
hard,10,23,9060,8102,5664.609756097561,4592,87.2777014000003
hard,10,24,9060,8068,5457.536585365854,4468,91.49223429999984
hard,10,25,9060,7558,5479,4661,94.89119430000028
hard,10,26,9060,7172,5345.219512195122,4238,97.30992739999965
hard,10,27,9060,7622,5641.707317073171,4209,100.7690134000004
hard,10,28,9060,7854,5593.024390243902,4455,105.31563220000135
hard,10,29,9060,8621,5539.4390243902435,4080,108.59134360000098
hard,10,30,9060,7653,5592.048780487805,4748,111.92255070000101
